-- MySQL dump 10.13  Distrib 8.0.32, for Win64 (x86_64)
--
-- Host: 127.0.0.1    Database: registrosdigicom
-- ------------------------------------------------------
-- Server version	8.0.32

/*!40101 SET @OLD_CHARACTER_SET_CLIENT=@@CHARACTER_SET_CLIENT */;
/*!40101 SET @OLD_CHARACTER_SET_RESULTS=@@CHARACTER_SET_RESULTS */;
/*!40101 SET @OLD_COLLATION_CONNECTION=@@COLLATION_CONNECTION */;
/*!50503 SET NAMES utf8 */;
/*!40103 SET @OLD_TIME_ZONE=@@TIME_ZONE */;
/*!40103 SET TIME_ZONE='+00:00' */;
/*!40014 SET @OLD_UNIQUE_CHECKS=@@UNIQUE_CHECKS, UNIQUE_CHECKS=0 */;
/*!40014 SET @OLD_FOREIGN_KEY_CHECKS=@@FOREIGN_KEY_CHECKS, FOREIGN_KEY_CHECKS=0 */;
/*!40101 SET @OLD_SQL_MODE=@@SQL_MODE, SQL_MODE='NO_AUTO_VALUE_ON_ZERO' */;
/*!40111 SET @OLD_SQL_NOTES=@@SQL_NOTES, SQL_NOTES=0 */;

--
-- Table structure for table `administraciones`
--

DROP TABLE IF EXISTS `administraciones`;
/*!40101 SET @saved_cs_client     = @@character_set_client */;
/*!50503 SET character_set_client = utf8mb4 */;
CREATE TABLE `administraciones` (
  `id_administracion` int NOT NULL AUTO_INCREMENT,
  `nombre` varchar(50) NOT NULL,
  PRIMARY KEY (`id_administracion`)
) ENGINE=InnoDB AUTO_INCREMENT=10 DEFAULT CHARSET=utf8mb4 COLLATE=utf8mb4_0900_ai_ci;
/*!40101 SET character_set_client = @saved_cs_client */;

--
-- Dumping data for table `administraciones`
--

LOCK TABLES `administraciones` WRITE;
/*!40000 ALTER TABLE `administraciones` DISABLE KEYS */;
INSERT INTO `administraciones` VALUES (1,'Banda del Río Salí'),(2,'Concepción'),(3,'Metropolitana'),(4,'Monteros'),(5,'Tafí Viejo');
/*!40000 ALTER TABLE `administraciones` ENABLE KEYS */;
UNLOCK TABLES;

--
-- Table structure for table `configuracion`
--

DROP TABLE IF EXISTS `configuracion`;
/*!40101 SET @saved_cs_client     = @@character_set_client */;
/*!50503 SET character_set_client = utf8mb4 */;
CREATE TABLE `configuracion` (
  `id_equipo` int NOT NULL AUTO_INCREMENT,
  `id_rtu` int DEFAULT NULL,
  `id_master` int DEFAULT NULL,
  `latitud_sur` varchar(40) DEFAULT NULL,
  `latitud_oeste` varchar(40) DEFAULT NULL,
  `orientacion_antena` decimal(5,2) DEFAULT NULL,
  `fecha_instalacion` date DEFAULT NULL,
  `cambio_bateria` date DEFAULT NULL,
  `numero_serie` varchar(40) DEFAULT NULL,
  `numero_serie_reemplazo` varchar(40) DEFAULT NULL,
  `velocidad_rtu` int DEFAULT NULL,
  `canal_radio` varchar(50) DEFAULT NULL,
  `rpt_directo` varchar(100) DEFAULT NULL,
  `rpt_asociado` varchar(100) DEFAULT NULL,
  `v_prim` int DEFAULT NULL,
  `numero_serie_radio_modem` varchar(255) DEFAULT NULL,
  `sucursal` int DEFAULT NULL,
  `localidad` int DEFAULT NULL,
  `direccion` varchar(80) DEFAULT NULL,
  `administracion` int DEFAULT NULL,
  `observaciones` text,
  `tipo_equipo` int NOT NULL,
  `id_radio` int DEFAULT NULL,
  PRIMARY KEY (`id_equipo`)
) ENGINE=InnoDB AUTO_INCREMENT=693 DEFAULT CHARSET=utf8mb4 COLLATE=utf8mb4_0900_ai_ci;
/*!40101 SET character_set_client = @saved_cs_client */;

--
-- Dumping data for table `configuracion`
--

LOCK TABLES `configuracion` WRITE;
/*!40000 ALTER TABLE `configuracion` DISABLE KEYS */;
INSERT INTO `configuracion` VALUES (1,19467,19456,'  26°49\'38.19\"S',' 65° 8\'58.79\"O',260.00,'2009-04-17',NULL,' 00265a 04/2009',' ',9600,' C2',' D',' no aplica',13200,' 424',1,1,' ALFREDO GUZMAN 1º CDRA - EL CORTE',1,' Tor.',1,19979),(2,19468,19456,'  26°50\'22.70\"S',' 65° 9\'35.87\"O',42.00,'2009-04-18',NULL,' 0321A PF 042009',' ',9600,' C6',' R',' Del Este',13200,' 671',1,2,' BARRIO CONASA',1,' Tor.',1,19980),(3,19531,19456,' ',' ',NULL,'2017-09-15',NULL,' ',' ',19200,' C6',' R',' Del Este',13200,' ',1,3,' AV. EVA PERÓN Y CATAMARCA (ex 455) (real: ???)',1,' Tor.',1,20043),(4,19469,19456,' 26°51\'1.58\"S',' 65° 9\'15.74\"O',42.00,'2009-05-05',NULL,' PF00276A 052009',' ',9600,' C6',' R',' Del Este',13200,' 510',1,2,' BARRIO CONASA',1,' Tor.',1,19981),(5,19470,19456,' ',' ',42.00,'2009-04-17',NULL,' ',' ',19200,' C6',' R',' ',13200,' ',1,4,' VILMAR. RUTA Nº 9 (trasladado)',1,' Tor. No Existe en el SCADA',1,19982),(6,13326,NULL,' ',' ',270.00,'2008-12-26',NULL,' ',' ',19200,' C6',' D',' ',13200,' ',1,5,' COLONIA LA RIVA (trasladado)',1,' Tor. No Existe en el SCADA',1,13838),(7,19471,19456,' 26°49\'44.09\"S',' 65° 9\'45.21\"O',50.00,'2009-05-05',NULL,' 052009 PF 00277A',' ',9600,' C6',' R',' Del Este',13200,' 331',1,1,' BARRIO CARITAS',1,' Tor.',1,19983),(8,19472,19456,' ',' ',50.00,'2009-05-05',NULL,' 052009 PF 00226A',' ',9600,' C6',' R',' Del Este',13200,' 425',1,6,' RUTA 304 KM 9/2. FRENTE ESC. VIEJA',1,' Tor.',1,19984),(9,19473,19456,'  26°50\'40.25\"S',' 65° 9\'21.51\"O',42.00,'2009-04-18',NULL,' 042009 PF 00100A',' ',9600,' C6',' R',' Del Este',13200,' 506',1,2,' SAN MIGUEL Y ANTARTIDA ARGENTINA',1,' Tor.',1,19985),(10,13330,NULL,' ',' ',NULL,'2009-05-07',NULL,' ',' ',19200,' C2',' D',' ',13200,' ',1,2,' CHILE Y VENEZUELA',1,' Tor. No Existe en el SCADA',1,13842),(11,13331,13312,' 26°50\'52.80\"S',' 65°10\'14.77\"O',270.00,'2013-01-22',NULL,' 012013 PF 00038A',' ',9600,' C2',' D',' no aplica',13200,' 387',1,2,' DEPÓSITO DE SOJA - BO. COSTANERA',1,' ',1,13843),(12,19538,19456,' 26°53\'9.40\"S','  65° 5\'59.69\"O',280.00,'2019-07-03',NULL,' ',' ',9600,' C6',' R',' Del Este',13200,' ',1,2,' Colombres',1,' ',1,20050),(13,19475,19456,' ',' ',240.00,'2009-04-16',NULL,' 012009 PF 00140A',' ',19200,' C2',' D',' ',13200,' 430',1,7,' FINCA FARIA EL SUNCHAL',1,' Tor.',1,19987),(14,19476,19456,' 26°52\'12.41\"S',' 65° 9\'15.94\"O',38.00,'2009-04-17',NULL,'   042009 PF 00413A                     ',' ',9600,' C6',' R',' Del Este',13200,' 409',1,3,' BARRIO LA CERAMICA',1,' Tor.',1,19988),(15,19470,19456,' 26°44\'14.50\"S',' 65° 8\'26.20\"O',260.00,'2017-09-25',NULL,' 112008 PF 00079A',' ',9600,' C2',' D',' ',13200,' 689',1,8,' ALTA GRACIA (ex 4481 CON) (real: 2785 CON)',1,' Tor.',1,19982),(16,13392,12800,' 26°49\'56.30\"S',' 65°10\'4.23\"O',270.00,'2019-08-21',NULL,' ',' ',9600,' C1',' D',' ',13200,' ',1,2,' Parguay y Nicaragua',1,' ',1,13904),(17,19477,19456,' ',' ',278.00,'2009-04-15',NULL,' 312A 4/2009',' ',9600,' C6',' R',' Del Este',13200,' 672',2,9,' ESCUELA Nº292 TARUCA PAMPA',1,' Tor.',1,19989),(18,19478,19456,' ',' ',230.00,'2009-04-13',NULL,' 416 A 4/2009                       ',' ',9600,' C6',' R',' Del Este',13200,' 319',2,10,' PUESTO DE UNCOS - ESC. Nº 173',1,' Tor.',1,19990),(19,19533,19456,' ',' ',NULL,'2017-10-18',NULL,' 112008 PF 00128A',' ',19200,' C6',' R',' Del Este',NULL,' ',1,11,' SAN JOSÉ DE MACOMITAS (ex 4769) (real: 4481 CON)',1,' Tor.',1,20045),(20,19479,19456,' 26°50\'17.00\"S',' 65° 5\'37.52\"O',32.00,'2009-04-18',NULL,' 042009 PF 0319A',' ',9600,' C6',' R',' Del Este',13200,' 511',1,5,' EL PARAISO',1,' Tor.',1,19991),(21,13336,NULL,' ',' ',292.00,'2008-12-20',NULL,' ',' ',19200,' C4',' D',' ',7600,' ',3,12,' LAS PALMITAS',1,' Tor.',1,13848),(22,19515,19456,' ',' ',15.00,'2008-12-23',NULL,' ',' ',19200,' C6',' R',' Del Este',13200,' ',3,13,' FRONTERITA',1,' Tor. Ok. El 12-05-09 se cambió a C6 por repetidora',1,20027),(23,19520,19456,' ',' ',270.00,'2008-12-26',NULL,' 122008 PF 00195A',' ',9600,' C6',' R',' Del Este',13200,' 1060',4,14,' EST. EXPERIMENTAL',1,' Tor. El 06-08-13 se cambió a C6 por repetidora',1,20032),(24,19480,19456,' 26°48\'54.12\"S','  65° 8\'49.28\"O',45.00,'2009-04-16',NULL,' 042009 PF 00313A',' ',9600,' C6',' R',' Del Este',13200,' sin N°',1,1,' BARRIO EL PROGRESO',1,' Tor.',1,19992),(25,13340,12802,' ',' ',270.00,'2008-12-26',NULL,' ',' ',19200,' C2',' D',' ',13200,' ',1,15,' COLONIA 9 CRUZ ALTA',1,' Tor.',1,13852),(26,19508,19456,' ',' ',18.00,'2009-04-18',NULL,' ',' ',19200,' C6',' R',' Del Este',13200,' ',4,16,' POLLERIA CHEUAN',1,' Tor.',1,20020),(27,13342,12802,' 26°58\'16.20\"S',' 64°50\'14.38\"O',285.00,'2008-12-19',NULL,' 122008 PF 00051A',' ',9600,' C2',' D',' ',13200,' 674',4,17,' FINCA STARMAN',1,' Tor.',1,13854),(28,13343,13312,' ',' ',250.00,'2016-09-30',NULL,' 092016 PF 00313',' ',19200,' C1',' D',' ',NULL,' sin N°',NULL,NULL,' FINAL LÍNEA MT',1,' Tor. El 29-11-16 se puso el RM y quedó funcionando normalmente.',1,13855),(29,19481,19456,' ',' ',50.00,'2009-04-16',NULL,' 042009 PF 00232A',' ',9600,' C6',' R',' Del Este',13200,' 474',1,11,' CAMINO A ALTA GRACIA. FINAL LMT',1,' Tor.',1,19993),(30,19532,19456,'  26°51\'28.09\"S',' 65° 9\'53.87\"O',50.00,'2009-12-21',NULL,' 112008 PF 00299A',' ',9600,' C6',' R',' Del Este',13200,' 367',1,18,' Francona y Sarmiento (ex 7151) (real: 3887 CON)',1,' Tor.',1,20044),(31,19529,19456,' 26°49\'16.32\"S','  65° 8\'6.36\"O',40.00,'2016-10-07',NULL,' 102016 PF 00315',' ',9600,' C6',' R',' Del Este',NULL,' 1005',1,1,' URQUIZA AL 700. Bº SANTA ISABEL',1,' Tor. El 22-11-16 se puso el RM y quedó funcionando normalmente.',1,20041),(32,19518,19456,' ',' ',270.00,'2008-12-26',NULL,' 00440A 1/2009                          ',' ',9600,' C6',' R',' Del Este',13200,' 704',4,19,' FINCA OLEGA',1,' Tor.',1,20030),(33,13345,NULL,' ',' ',280.00,'2008-12-23',NULL,' 00396A 12/2008',' ',9600,' C4',' D',' ',13200,' 326',1,20,' EL CHILCAL',1,' Tor.',1,13857),(34,13346,12800,' 27° 5\'40.24\"S',' 65°10\'10.42\"O',287.00,'2008-12-23',NULL,' 122008 PF 00211A',' ',9600,' C4',' D',' ',13200,' 523',3,21,' (DE GETTAR 2 KM AL OESTE -Ex 3012)',1,' Tor.',1,13858),(35,13386,12802,' ',' ',NULL,'2017-12-20',NULL,' ',' ',19200,' C2',' D',' ',NULL,' ',3,22,' (ex 557) (real: 4135) (ex 3016)',1,' Tor.',1,13898),(36,13347,12800,'  27° 8\'9.65\"S',' 65°15\'20.73\"O',335.00,'2008-12-18',NULL,' PF00402A 122008',' ',19200,' C2',' D',' ',13200,' 441',3,23,' SANTA ROSA CALLE PRINCIPAL',1,' Tor.',1,13859),(37,19513,19456,' ',' ',30.00,'2017-10-27',NULL,' 042009 PF 00420A',' ',9600,' C6',' R',' Del Este',13200,' 710',3,22,' ESQUINA (ex 3488 CON) (real: 4769)',1,' Tor.',1,20025),(38,13348,12800,' 27° 6\'47.61\"S','  65° 6\'13.99\"O',315.00,'2008-12-23',NULL,' ',' ',9600,' C2',' D',' ',13200,' ',3,24,' ALMACEN GETTAR',1,' Tor.',1,13860),(39,13349,12800,'  27° 5\'25.87\"S',' 65°11\'26.91\"O',287.00,'2008-12-23',NULL,' 122008 PF 00209A',' ',9600,' C4',' D',' ',13200,' 498',3,21,' DE GETTAR 4 KM AL OESTE (Ex 3049)',1,' Tor.',1,13861),(40,13356,NULL,' ',' ',NULL,'2016-10-19',NULL,' 102016 PF 00317',' ',9600,' C4',' D',' ',NULL,' ',3,21,' DE REBAJE ROMERA POZO - LOMA VERDE',1,' Tor. El 22-11-16 se puso el RM y quedó funcionando normalmente.',1,13868),(41,13350,NULL,' ',' ',300.00,'2008-12-17',NULL,' ',' ',19200,' C4',' D',' ',13200,' ',3,25,' LOS ROMANOS EX 3074',1,' Tor.',1,13862),(42,13351,12800,' 27°17\'38.13\"S',' 65° 5\'47.58\"O',300.00,'2008-12-17',NULL,' 122008 PF0410A',' ',9600,' C4',' D',' ',13200,' 667',3,26,' CAMPO AZUL',1,' Tor.',1,13863),(43,13352,NULL,' ',' ',307.00,'2008-12-17',NULL,' 122008 PF 00197A',' ',19200,' C4',' D',' ',13200,' ',3,26,' LOS DECIMAS',1,' Tor.',1,13864),(44,13353,12800,' 27°18\'36.61\"S',' 64°52\'3.39\"O',315.00,'2008-12-17',NULL,' PF00335A 122008',' ',9600,' C2',' D',' ',13200,' 412',3,26,' EL MOLLAR',1,' Tor.',1,13865),(45,19502,19456,'  27° 0\'27.61\"S','  65° 1\'15.36\"O',9.00,'2017-12-15',NULL,' 052009 PF 00274A',' ',19200,' C6',' R',' Del Este',NULL,' 518',4,27,' (ex 2698 CON) (real: 4564)',1,' Tor.',1,20014),(46,13354,NULL,' ',' ',280.00,'2008-12-23',NULL,' ',' ',9600,' C4',' D',' ',13200,' ',3,13,' CONDOR HUASI',1,' Tor.',1,13866),(47,13355,NULL,' ',' ',282.00,'2008-12-20',NULL,' ',' ',19200,' C4',' D',' ',13200,' ',4,13,' LOTES DE AGUA DULCE',1,' Tor.',1,13867),(48,19514,19456,' ',' ',348.00,'2008-12-20',NULL,' ',' ',19200,' C2',' D',' ',13200,' ',3,12,' CAMPO QUIMIL EX 3131',1,' Tor. El 12-05-09 se cambió a C6 por repetidora. El 27-12-17 se cambió a C2.',1,20026),(49,13357,NULL,' ',' ',300.00,'2008-12-19',NULL,' 122008 PF 00199A',' ',19200,' C2',' D',' ',13200,' 1024',4,29,' TACANAS',1,' Tor. El 27-12-17 se cambió a C2.',1,13869),(50,19509,19456,' ',' ',12.00,'2009-05-05',NULL,' ',' ',19200,' C6',' R',' Del Este',13200,' ',4,16,' CAMPO LA FLOR',1,' Tor.',1,20021),(51,13359,12802,'  27° 4\'21.95\"S','  64°52\'32.84\"O',295.00,'2008-12-19',NULL,' 112008 PF 00132A',' ',19200,' C2',' D',' ',13200,' 428',4,17,' FINCA TRES POZO ESTACION ARAOZ',1,' Tor. El 01-03-18 se cambió a C2. No se reorientó antena.',1,13871),(52,19517,19456,' ',' ',285.00,'2008-12-19',NULL,' 122008 PF 00166A',' ',19200,' C6',' R',' Del Este',13200,' ',4,17,' BLANCO POZO',1,' Tor. El 26-01-10 se cambió a C6 y se reorientó antena.',1,20029),(53,19510,19456,' ',' ',12.00,'2009-04-18',NULL,' ',' ',19200,' C6',' R',' Del Este',13200,' ',1,18,' COLONIA 5 DE MAYO',1,' Tor.',1,20022),(54,19482,19456,' 26°46\'36.44\"S',' 64°52\'51.86\"O',335.00,'2009-04-15',NULL,' PF00303A 042009',' ',9600,' C6',' R',' Del Este',13200,' 686',4,14,' LOS PEREZ COLA DE LINEA',1,' Tor.',1,19994),(55,19493,19456,' 26°34\'8.38\"S',' 64°46\'12.50\"O',250.00,'2017-11-10',NULL,' 042009 PF 00310A',' ',9600,' C6',' R',' Del Este',13200,' ',NULL,NULL,' (ex 1293 MON) (real: 4013)',1,' ',1,20005),(56,19483,19456,' ',' ',226.00,'2009-04-13',NULL,' ',' ',19200,' C6',' R',' ',13200,' ',2,30,' CAMINO AL PUESTITO',1,' Tor. No Existe en el SCADA',1,19995),(57,19537,19456,' ',' ',300.00,'2017-11-28',NULL,' 302A 4/2009',' ',9600,' C6',' R',' Del Este',NULL,' 327',NULL,NULL,' ',NULL,' Por RPT del Este. ',1,20049),(58,19484,19456,' ',' ',285.00,'2009-04-14',NULL,' ',' ',19200,' C6',' R',' ',13200,' ',2,31,' FINCA MONTECRISTO (trasladado)',1,' Tor. No Existe en el SCADA',1,19996),(59,13365,NULL,' ',' ',350.00,'2008-12-18',NULL,' 122008 PF 00404A',' ',19200,' C2',' D',' ',13200,' 668',3,32,' VILLA DE LEALES',1,' Tor.',1,13877),(60,19536,19456,' ',' ',320.00,'2017-11-21',NULL,' 112008 PF 00283A',' ',9600,' C6',' R',' Del Este',NULL,' 525',2,31,' (ex 4543) (real: 3488 CON)',1,' Tor.',1,20048),(61,13366,12802,' 26°53\'19.60\"S',' 64°59\'41.21\"O',286.00,'2008-12-26',NULL,' 338A 122008',' ',9600,' C6',' D',' ',13200,' sin N°',4,19,' BARRIO SARMIENTO',1,' Tor.',1,13878),(62,19485,19456,' 26°50\'37.73\"S',' 65°10\'23.26\"O',42.00,'2009-04-17',NULL,' 0307A PF 042009',' ',9600,' C6',' R',' Del Este',13200,' 1082',1,2,' PERU Y MIGUEL LILLO',1,' Tor.',1,19997),(63,19486,19456,' 26°42\'23.33\"S','  64°47\'24.87\"O',300.00,'2009-04-14',NULL,' PF00415A 042009',' ',9600,' C6',' R',' Del Este',13200,' Sin N°',2,31,' TALA POZO POR ESCUELA',1,' Tor.',1,19998),(64,19487,19456,' ',' ',307.00,'2009-04-14',NULL,' 042009 PF 00050A',' ',19200,' C6',' R',' Del Este',13200,' ',2,31,' FINCA LA HUELLA',1,' Tor.',1,19999),(65,19488,19456,' 26°38\'9.59\"S',' 64°35\'31.68\"O',270.00,'2009-04-13',NULL,' 320A 042009',' ',9600,' C6',' R',' Del Este',13200,' sin N°',2,33,' ANTES DE FINCA DUMIT ',1,' Tor.',1,20000),(66,13370,13312,' 27°10\'17.48\"S',' 65° 8\'14.12\"O',320.00,'2018-02-15',NULL,' 112008 PF 00130A',' ',9600,' C2',' D',' ',NULL,' 426',3,21,' (ex 7769 CON) (real: 2698 CON)',1,' Tor. El 02-03-18 se cambió a C2. Se reorientó antena.',1,13882),(67,13371,NULL,' ',' ',300.00,'2008-12-17',NULL,' 122008 PF 00401A',' ',19200,' C4',' D',' ',13200,' 438',3,25,' LOS JUAREZ ULTIMA SET',1,' Tor.',1,13883),(68,13372,13312,' 26°40\'46.52\"S','  65° 9\'24.82\"O',300.00,'2009-05-06',NULL,' PF00270A 052009',' ',9600,' C9',' D',' ',13200,' 544',1,34,' CAMINO AL CADILLAL - FINCA TIMBO',1,' Tor.',1,13884),(69,19490,19456,' ',' ',247.00,'2009-04-13',NULL,' ',' ',19200,' C6',' R',' Del Este',13200,' ',2,33,' PAMPA POZO',1,' Tor.',1,20002),(70,13376,12800,' 27° 4\'32.92\"S','  65°13\'53.58\"O',330.00,'2008-12-18',NULL,' 122008 PF 00156A',' ',9600,' C2',' D',' ',13200,' 373',3,21,' INGENIO LEALES',1,' Tor.',1,13888),(71,19474,19456,' ',' ',NULL,'2014-08-21',NULL,' 082014 PF 00090',' ',19200,' C6',' R',' Del Este',NULL,' ',2,35,' VILLA BENJAMÍN ARÁOZ',1,' ',1,19986),(72,19492,19456,' 26°48\'57.20\"S','  65° 5\'40.18\"O',30.00,'2009-05-07',NULL,' 0275A PF 052009',' ',9600,' C6',' R',' Del Este',33000,' 419',1,36,' INGENIO LA FLORIDA',1,' Tor.',1,20004),(73,19493,19456,' ',' ',NULL,'2009-04-16',NULL,' ',' ',19200,' C6',' R',' ',33000,' ',1,1,' RUTA 304 KM 10 (trasladado)',1,' Tor. No Existe en el SCADA',1,20005),(74,19494,19456,'  26°46\'32.16\"S',' 65° 4\'3.48\"O',35.00,'2009-04-15',NULL,' 00309A  4/2009                 ',' ',9600,' C6',' R',' Del Este',33000,' 381',1,11,' TAQUELLO',1,' Tor.',1,20006),(75,19495,19456,' ',' ',22.00,'2009-05-06',NULL,' ',' ',19200,' C6',' R',' Del Este',33000,' ',1,11,' LA ANGOSTURA - EST. DE SERVICIO',1,' Tor. Se cambió bandeja completa con Circutor 383801180-72088.',1,20007),(76,19496,19456,' 26°39\'26.36\"S',' 64°55\'55.41\"O',320.00,'2009-04-14',NULL,' 00417A 4/2009',' ',9600,' C6',' R',' Del Este',33000,' 703',1,9,' EL RODEO FRENTE A ESCUELA',1,' Tor.',1,20008),(77,19497,19456,' 26°30\'9.41\"S',' 64°52\'33.12\"O',210.00,'2009-04-15',NULL,' 042009 PF 00193A',' ',9600,' C6',' R',' Del Este',33000,' 680',2,35,' EL CAJON COLA DE LINEA',1,' Tor.',1,20009),(78,13383,NULL,' ',' ',270.00,'2008-12-26',NULL,' 122008 PF 00196A',' ',19200,' C6',' D',' ',33000,' ',4,19,' LOLITA (trasladado)',1,' Tor. No Existe en el SCADA',1,13895),(79,13384,12802,' ',' ',270.00,'2008-12-26',NULL,' 403A 12/2008                         ',' ',9600,' C4',' D',' ',33000,' ',4,38,' SAN JOSE',1,'          ',1,13896),(80,13385,NULL,' ',' ',280.00,'2008-12-23',NULL,' 122008 PF 00200A',' ',19200,' C4',' D',' ',33000,' ',4,27,' CAMA AMONTONADA',1,' Tor.',1,13897),(81,13386,NULL,' ',' ',290.00,'2008-12-19',NULL,' ',' ',19200,' C2',' D',' ',33000,' ',4,16,' EL EMPALME - PRIMERA SET (trasladado)',1,' Tor. No Existe en el SCADA',1,13898),(82,13387,12802,' 27° 8\'19.76\"S',' 64°48\'30.72\"O',300.00,'2008-12-19',NULL,' 122008 PF 00090A',' ',9600,' C1',' D',' *',33000,' 768',4,29,' TACANAS',1,' Tor.',1,13899),(83,19498,19456,' ',' ',30.00,NULL,NULL,' 042009 PF 00419A',' 042021 PF 00376',19200,' C6',' R',' Del Este',33000,' 1121',1,20,' DERIVACION AL BRACHO II',1,' Tor. Reemplazado por daños. ',1,20010),(84,13389,12802,' 27° 3\'56.70\"S',' 65°12\'48.48\"O',325.00,'2008-12-18',NULL,' 122008 PF 00216A',' ',9600,' C2',' D',' ',33000,' 444',3,39,' RUTA 320 - ENTRADA A PALA PALA',1,' Tor.',1,13901),(85,13390,NULL,' ',' ',290.00,'2008-12-17',NULL,' 0340A PF 122008',' ',9600,' C2',' D',' ',33000,' 354',3,26,' LA FLORIDA',1,' Tor. El 13-12-10 se cambió analizador por otro nuevo No. 383021024',1,13902),(86,28688,28672,' ',' ',70.00,'2009-04-16',NULL,' 00315A 4/2009',' ',9600,' C6',' R',' SET 4630',33000,' sin N°',1,34,' EL MATAL - FINCA LAS PARBA',1,' Tor.',1,29200),(87,19500,19456,' 26°53\'38.58\"S','  65°11\'37.36\"O',40.00,'2009-04-17',NULL,' 305A 042009',' ',9600,' C6',' R',' Del Este',33000,' 1105',1,40,' SEGUNDA SET',1,' ',1,20012),(88,19528,19456,' ',' ',NULL,'2016-09-30',NULL,' 092016 PF 00314',' ',19200,' C6',' R',' Del Este',NULL,' 1020',1,2,' EL TALAR - BARRIO 2',1,' Tor. El 22-11-16 se puso el RM y quedó funcionando normalmente.',1,20040),(89,19501,19456,' ',' ',335.00,'2009-04-14',NULL,' ',' ',19200,' C6',' R',' ',33000,' ',1,9,' COOP. LA RAMADA DE ABAJO (trasladado)',1,' Tor. No Existe en el SCADA',1,20013),(90,19502,19456,' ',' ',325.00,'2009-05-06',NULL,' ',' ',19200,' C6',' R',' ',33000,' 841',1,9,' EL RODEO POR RUTA (trasladado)',1,' Tor. No Existe en el SCADA',1,20014),(91,19519,19456,' ',' ',285.00,'2008-12-20',NULL,' ',' ',19200,' C6',' R',' Del Este',33000,' ',3,12,' CAÑADA DE VICLO',1,' Tor.',1,20031),(92,28686,28672,' 26°42\'13.68\"S','  65° 3\'56.14\"O',245.00,'2009-04-16',NULL,' PF00304A 042009',' ',9600,' C2',' D',' ',33000,' 883',1,27,'  CAÑADA DE ALSOGARAY - REPETIDORA',1,' Se hizo repetidora ',1,29198),(93,19513,19456,' ',' ',325.00,'2009-04-15',NULL,' ',' ',19200,' C6',' R',' ',13200,' ',4,14,' 1º DERIVACION AL SUR CAMINO LOS PERES (trasladado)',1,' Tor. Ok. El 07-05-09  se cambió a  C6 por repetidora. No existe en SCADA',1,20025),(94,19505,19456,' ',' ',30.00,'2009-05-05',NULL,' 052009 PF 00227A',' ',19200,' C6',' R',' Del Este',13200,' 700',1,20,' AL ESTE DE REBAJE BAJO GRANDE',1,' Tor.',1,20017),(95,19489,19456,' ',' ',300.00,'2014-08-22',NULL,' 082014 PF 00091',' ',9600,' C6',' R',' Del Este',NULL,' 1025',2,NULL,' ARENALES',1,' ',1,20001),(96,19539,19456,' ',' ',220.00,'2019-12-01',NULL,' PF366 12/2019             ',' ',9600,' C6',' R',' Del Este',13200,' ',2,NULL,' ',1,' ',1,20051),(97,19530,19456,' ',' ',NULL,'2016-10-20',NULL,' 102016 PF 00318',' ',9600,' C6',' R',' Del Este',NULL,' ',1,2,' POZO DEL ALTO PASANDO COLONIA POSSE',1,' Tor. El 25-11-16 se puso el RM y quedó funcionando normalmente.',1,20042),(98,19534,19456,' ',' ',NULL,'2017-10-23',NULL,' 112008 PF 00102A',' ',9600,' C6',' R',' Del Este',NULL,' ',1,3,' COLONIA POSE (ex 4013) (real: 4296 CON)',1,' Antena por sobre la linea de MT',1,20046),(99,19507,19456,' ',' ',NULL,'2009-10-21',NULL,' ',' ',19200,' C6',' R',' Del Este',13200,' ',2,42,' CERRO MEDINA',1,' Tor.',1,20019),(100,13383,13312,' 27°15\'16.60\"S',' 65° 1\'30.00\"O',320.00,'2017-12-06',NULL,' 012013 PF 00035',' ',9600,' C2',' D',' ',NULL,' 523',3,26,' (ex 4135) (real: 4335 CON)',1,' Tor.',1,13895),(101,13360,13312,' 27°18\'12.94\"S',' 65° 1\'45.95\"O',325.00,'2017-11-12',NULL,' 122008 PF 00196A',' ',9600,' C2',' D',' ',NULL,' 506',NULL,NULL,' (ex 4335 CON) (real: 4103)',1,' Tor. El 02-03-18 se cambió a C2. No se reorientó antena.',1,13872),(102,28687,28672,' 26°36\'53.35\"S',' 65° 7\'3.92\"O',160.00,'2017-11-29',NULL,' PF 00314A 042009',' ',9600,' C2',' R',' SET 4630',13200,' Sin N°',1,NULL,' (ex 4564) (real: 3201)',1,' Se comunica por la RPT SET 4630. ',1,29199),(103,19535,19456,' ',' ',NULL,NULL,NULL,' 112008 PF 00301A',' ',19200,' C6',' R',' Del Este',NULL,' 431',4,29,' (ex 743 MON) (real: 1328 CON)',1,' Tor.',1,20047),(104,19521,19456,' ',' ',NULL,'2013-01-21',NULL,' 012013 PF 00039A',' ',9600,' C6',' R',' Del Este',NULL,' 1018',2,10,' 7 DE ABRIL - CAMINO A N. ESPERANZA',1,' ',1,20033),(105,19526,19456,' ',' ',NULL,'2013-04-30',NULL,' 042013 PF 00056',' ',19200,' C6',' R',' Del Este',NULL,' ',NULL,NULL,' CAMINO AL TAJAMAR, 1.7 KM DESDE RUTA 304',1,' ',1,20038),(106,19491,19456,' ',' ',220.00,'2009-04-13',NULL,' PF464A 4/2009',' ',9600,' C6',' R',' Del Este',13200,' 539',2,10,' 7 DE ABRIL (ex 3678)',1,' Tor.',1,20003),(107,19501,19456,' ',' ',NULL,'2017-12-07',NULL,' 112017 PF 00333',' ',19200,' C6',' R',' Del Este',NULL,' 1058',1,43,' CRUZ ALTA',1,' Tor.',1,20013),(108,19506,19456,' ',' ',35.00,'2009-04-17',NULL,' 042009 PF 00231A',' ',19200,' C6',' R',' ',7600,' ',1,44,' Vº LOS PONCE (trasladado)',1,' Tor. No Existe en el SCADA',1,20018),(109,13391,13312,' 26°57\'25.92\"S',' 65°10\'28.23\"O',300.00,'2017-10-20',NULL,' 112008 PF 00061A',' ',9600,' C2',' D',' ',13200,' ',1,45,' FINCA ELISA (ex 4103) (real: 4773)',1,' Tor.',1,13903),(110,19527,19456,' ',' ',NULL,'2013-05-22',NULL,' 052013 PF 00067R',' ',19200,' C6',' R',' Del Este',NULL,' ',1,15,' CRUZ ALTA (ex 3549 MON)',1,' ',1,20039),(111,13332,13312,'  26°51\'37.22\"S','  65° 9\'0.92\"O',270.00,'2023-02-09',NULL,' 052022 PF 00399',' ',9600,' C2',' D',' ',NULL,' 1130',1,3,' REPUBLICA 600',1,' ',1,13844),(112,19504,19456,' 26°41\'38.80\"S',' 65° 2\'50.90\"O',55.00,'2009-04-15',NULL,' PF 00318A 42009',' ',9600,' C6',' R',' Del Este',33000,' 514',1,46,' FINCA MATTA (ex 4743)',1,' Tor.',1,20016),(113,19483,19456,' ',' ',226.00,'2009-04-01',NULL,' 418 A 4/2009                       ',' ',9600,' C6',' R',' Del Este',NULL,' 666',2,47,' ',1,' ',1,19995),(114,13333,13312,'  26°51\'42.30\"S','  65° 9\'59.39\"O',270.00,'2023-02-09',NULL,' 052022 PF 00400',' ',9600,' C2',' D',' ',NULL,' 1104',1,3,' RUTA 9 ENTRE AV. EVA PERÓN Y LA PLATA ',1,' ',1,13845),(115,19506,19456,' ',' ',40.00,'2017-10-02',NULL,' 042009 PF 00311A',' ',9600,' C6',' R',' Del Este',NULL,' 714',1,1,' BARRIO TERESA DE CALCULA (ex 4773 CON) (real: 455)',1,' ',1,20018),(116,19516,19456,' 26°30\'49.97\"S','  64°45\'0.30\"O',236.00,'2009-06-05',NULL,' ',' ',19200,' C6',' R',' Del Este',33000,' ',2,47,' BURRUYACÚ',1,' Tor. Circutor de 110V.',1,20028),(117,13403,12802,' 26°59\'31.24\"S','  65° 9\'59.46\"O',310.00,'2011-05-10',NULL,' PF0024A A2011',' ',9600,' C1',' D',' ',33000,' 758',1,20,' EL BRACHO',1,' No lleva gabinete, ESTA DENTRO DE LA CELDA',1,13915),(118,19522,19456,' ',' ',NULL,'2013-03-26',NULL,' ',' ',9600,' C6',' R',' Del Este',33000,' ',1,48,' CEVIL POZO 133 (Agrup 13)',1,' ',1,20034),(119,19523,19456,' ',' ',NULL,'2013-04-04',NULL,' ',' ',9600,' C6',' R',' Del Este',33000,' ',1,48,' CEVIL POZO 233 (Agrup 13)(RM)',1,' ',1,20035),(120,19524,19456,' ',' ',NULL,'2013-03-26',NULL,' ',' ',9600,' C6',' R',' Del Este',13000,' ',1,48,' CEVIL POZO 113 (Agrup 13)',1,' ',1,20036),(121,19525,19456,' ',' ',NULL,'2013-04-04',NULL,' ',' ',9600,' C6',' R',' Del Este',13000,' ',1,48,' CEVIL POZO 213 (Agrup 13)',1,' ',1,20037),(122,NULL,19456,' 26°37\'43.89\"S',' 64°57\'16.32\"O',NULL,NULL,NULL,' ',' ',NULL,' C6',' D',' ',NULL,' ',1,49,' Cerro de la CRUZ - RPT Del Este',1,' ',1,19978),(123,10250,12800,' ',' ',NULL,'2008-11-13',NULL,' 112008 PF 00063A',' ',19200,' C14',' D',' ',13200,' ',5,50,' SAN MARTIN Y M.CAMPERO.',2,' ',1,10762),(124,10251,12802,'   27°27\'15.27\"S ','  65°36\'52.79\"O',350.00,'2008-11-14',NULL,' 112008 PF 00083A',' ',19200,' C4',' D',' ',13200,' 382',6,51,' 1° BARRIO SAN LORENZO',2,' ',1,10763),(125,10252,12802,'  27°20\'41.91\"S ','  65°36\'8.72\"O',100.00,'2008-11-07',NULL,' ',' ',9600,' C13',' D',' ',13200,' ',7,52,' OBISPO COLOMBRES Y RIOJA',2,' Ok. El 05/11/09 se cambió a canal 13',1,10764),(126,10253,NULL,' ',' ',343.00,'2008-11-12',NULL,' 112008 PF 00093A',' ',19200,' C4',' D',' ',13200,' sin N°',7,53,' VILLA MEDINA - POBLACION',2,' Cerca de la LMT--circutor instalado 383801186-72088',1,10765),(127,10254,NULL,' ',' ',350.00,'2008-11-07',NULL,' 112008 PF 00110A',' ',19200,' C4',' D',' ',13200,' ',7,52,' BARRIO ALVEAR - SARRATEA Y PJE S/N',2,' ',1,10766),(128,10255,12800,' 27º 31´ 53.26´´',' 65º 36´ 55.75´´',182.00,'2008-11-15',NULL,' 112008 PF 00073A',' ',9600,' C14',' D',' ',13200,' ',5,54,' BARRIO BELGRANO.',2,' Se movio a lugar seguro 10/08/2021',1,10767),(129,10257,NULL,' ',' ',20.00,'2008-11-07',NULL,' 112008 PF 00115A',' ',19200,' C2',' D',' ',13200,' ',7,52,' BARRIO HAYMES',2,' ',1,10769),(130,10258,12800,'   27°40\'14.50\"S ','  65°31\'17.64\"O',348.00,'2008-11-11',NULL,' 112008 PF 00067A',' ',19200,' C14',' D',' ',13200,' 351',5,55,' SR: FEO FUENTES.',2,' ',1,10770),(131,10259,12802,' 27º 15´ 07.90´´',' 65º 38´ 59.67´´',354.00,'2008-11-04',NULL,' ',' ',9600,' C4',' D',' ',13200,' 437',7,56,' COCHA MOLLE',2,' ',1,10771),(132,10268,12802,'  27°20\'23.54\"S ',' 65°35\'40.25\"O',145.00,'2008-11-07',NULL,' 112008 PF 00111A',' ',9600,' C13',' D',' ',13200,' 609',7,52,' OBRADOR (ex 1225)',2,' ',1,10780),(133,10260,12802,'  27°21\'0.21\"S ',' 65°34\'54.75\"O',300.00,'2008-11-07',NULL,' 112008 PF 00092A',' ',9600,' C13',' D',' ',13200,' ',7,52,' BARRIO EL CEIBO',2,' Se cambió a C4 el 28-04-11. En el sistema tien el N° se serie 383746169. Pero en la etique tiene 38380197',1,10772),(134,10261,NULL,' ',' ',20.00,'2008-11-07',NULL,' 112008 PF 00112A',' ',19200,' C4',' D',' ',13200,' ',7,52,' ENTRE RIOS Y GRAL HEREDIA',2,' 13/02/09. Cambio a C4',1,10773),(135,10262,NULL,' ',' ',355.00,'2008-11-14',NULL,' ',' ',19200,' C4',' D',' ',13200,' ',6,57,' COLONIA N° 1. (trasladado)',2,' No existe en SCADA',1,10774),(136,10263,NULL,'  27°30\'37.38\"S ',' 65°41\'19.70\"O',145.00,'2008-11-14',NULL,' 112008 PF 00075A',' ',9600,' C14',' D',' ',13200,' 486',6,57,' COLONIA N° 6.',2,' ',1,10775),(137,10264,12800,'   27°28\'7.10\"S ',' 65°43\'11.69\"O',145.00,'2008-11-14',NULL,' 112008 PF 00124A',' ',9600,' C4',' D',' ',13200,' 1020',6,57,' COLONIA N° 17.',2,' ',1,10776),(138,10265,NULL,' ',' ',339.00,'2008-11-12',NULL,' 112008 PF 00105A',' ',19200,' C4',' D',' ',13200,' ',6,58,' POBLACION.',2,' ',1,10777),(139,10266,NULL,'  27°26\'14.24\"S ','  65°37\'25.67\"O',10.00,'2008-11-17',NULL,' 112008 PF 00223A',' ',9600,' C1',' D',' ',13200,' 541',6,59,' BARRIO ROCA N° 2.',2,' Ok. El 05/11/09 se cambió a canal 13. El 24/10/2022 se cambia a C1',1,10778),(140,10267,12800,'   27°25\'48.13\"S ','  65°36\'52.85\"O',67.00,'2008-11-15',NULL,' 112008 PF 00221A',' ',19200,' C2',' D',' ',13200,' 1058',6,59,' VELEZ SARFIELD Y SARMIENTO.',2,' ',1,10779),(141,18444,18432,' ',' ',NULL,'2009-01-29',NULL,' ',' ',19200,' C2',' R',' Escaba',13200,' ',5,60,' TERMINAL DE LINEA EN RUTA N° 308.',2,' Se instaló sin RM y sin RTU. El xx-xx-09 puesto en func con repet ESCABA. ',1,18956),(142,10269,12800,' 27º 13´ 47.25´´',' 65º 35´ 48.99´´',344.00,'2008-11-04',NULL,' 112008 PF 00104A',' ',9600,' C4',' D',' ',13200,' ',7,61,' LA FLORIDA KM 8.ALMACEN DE LADETTO',2,' ',1,10781),(143,10270,NULL,' ',' ',343.00,'2008-11-12',NULL,' 112008 PF 00094A',' ',19200,' C2',' D',' ',13200,' ',6,58,' CAMINO A LOS AGUDOS KM 6. (trasladado)',2,' No existe en SCADA',1,10782),(144,10271,NULL,' ',' ',338.00,'2008-11-14',NULL,' 112008 PF 00301A',' ',19200,' C4',' D',' ',13200,' ',7,62,' DE POLICIA VIEJA AL NORTE SR: IBARRA (trasladado)',2,' No existe en SCADA',1,10783),(145,10272,NULL,' ',' ',345.00,'2008-11-13',NULL,' 112008 PF 00070A',' ',19200,' C14',' D',' ',13200,' 678',5,50,' FINCA DE REDONE.',2,' ',1,10784),(146,10256,12800,'  27°20\'32.34\"S ',' 65°45\'24.24\"O',45.00,'2008-11-15',NULL,' 042013 PF 00047R',' ',9600,' C14',' D',' ',13200,' 720',7,63,'   ',2,' El 15-04-13 se cambió de nombre, de lugar y el canal a C13 en directo. 24/10/22 se cambia canal 14 (Alberdi)',1,10768),(147,10273,12800,'  27°26\'56.83\"S ',' 65°38\'57.78\"O',25.00,'2008-11-15',NULL,' 112008 PF 00076A',' ',9600,' C2',' D',' ',13200,' 349',6,64,' ESCUELA N° 140.ULTIMA S.E.T.DERIVACION.',2,' ',1,10785),(148,10274,12800,' ',' ',160.00,'2008-11-15',NULL,' 112008 PF 00086A',' ',9600,' C14',' D',' ',13200,' 685',6,64,' FINCA ROSENDO ROMERO.DERIVACION MAL PASO',2,' Ok. El 05/11/09 se cambió a canal 13',1,10786),(149,10275,12800,'  27°20\'13.13\"S ',' 65°36\'27.88\"O',20.00,'2009-02-13',NULL,' 022009 PF 00139A',' ',9600,' C2',' D',' ',13200,' Sin N°',7,52,' JUNIN Y D\' ALLASTA',2,' ',1,10787),(150,10276,12800,' 27º 13´ 38.66´´',' 65º 39´ 42.58´´',355.00,'2008-11-04',NULL,' 112008 PF 00103A',' ',19200,' C4',' D',' ',13200,' 699',7,65,' CALLE TTE BARCELO Y CAPITAN RAMALLO',2,' ',1,10788),(151,10277,12800,' ',' ',350.00,'2008-11-12',NULL,' 112008 PF 00074A',' ',9600,' C4',' D',' ',13200,' 507',5,50,' LOS GUAYACANES',2,' ',1,10789),(152,10298,12800,'   27°20\'56.78\"S ','  65°36\'0.02\"O',80.00,NULL,NULL,' 042009 PF 00231A',' 032021 S/N 00375',9600,' C13',' D',' ',13200,' 596',7,52,' CÓRDOBA Y BERNARDO HOUSSAY (ex 4296) (orig 7151 BRS)',2,' ',1,10810),(153,10278,12800,'  27°26\'57.09\"S ',' 65°21\'4.36\"O',325.00,'2008-11-06',NULL,' 112008 PF 00101A',' no aplica',9600,' C4',' D',' ',13200,' 1065',7,66,' FINCA INGAS',2,' Estaba en C4. El 26/02/18 se cambió a C2. El 24/11/21 se volvio por C4. Entrega mal el numero de registro. ',1,10790),(154,10279,12800,' ',' ',252.00,'2008-11-12',NULL,' 112008 PF 00072A',' ',19200,' C14',' D',' ',13200,' ',5,54,' FINCA DR: GOMEZ. - DONATO ALVAREZ',2,' ',1,10791),(155,10280,12800,'   27°24\'33.89\"S ','  65°32\'47.63\"O',343.00,'2008-11-12',NULL,' 112008 PF 00220A',' ',19200,' C4',' D',' ',13200,' 479',7,53,' HUMAITA II.CRUZ SOLORZANO.',2,' ',1,10792),(156,10281,12800,'  27°19\'52.79\"S ',' 65°46\'25.96\"O',150.00,'2008-11-17',NULL,' 112008 PF 00088A',' ',19200,' C14',' D',' ',13200,' 1052',7,67,' ARROYO LA BATALLA (ex 2031)',2,' 06/03/09 puesto en func con repet SET2800. El 15-04-13 se cambió de nombre, de lugar y el canal a C13 en directo. 24/10/22 se cambia a canal Alberdi',1,10793),(157,10282,12800,' ',' ',NULL,'2008-11-13',NULL,' 112008 PF 00026A',' ',19200,' C14',' D',' ',13200,' ',5,50,' BARRIO 308 VIVIENDAS.',2,' ',1,10794),(158,10359,10240,' ',' ',110.00,'2013-05-24',NULL,' 052013 PF 00068',' ',9600,' C13',' D',' ',13200,' ',7,52,' SAN MARTIN Y RIVADAVIA',2,' ',1,10871),(159,10283,NULL,' ',' ',NULL,'2008-12-23',NULL,' 112008 PF 00114A',' ',19200,' C13',' D',' ',13200,' ',7,52,' 9 DE JULIO Y ESPAÑA - CASINO DE CONCEPCION.',2,' Funcionando con radio desde el 08/07/10. CAMARA sin ACCESO ',1,10795),(160,10284,12800,'   27°31\'38.59\"S ','  65°32\'57.75\"O',345.00,'2008-11-13',NULL,' 112008 PF 00082A',' ',19200,' C14',' D',' ',13200,' 449',6,68,' SECTOR ESTE 3° S.E.T.',2,' ',1,10796),(161,10285,NULL,' ',' ',350.00,'2008-11-07',NULL,' 112008 PF 00096A',' ',19200,' C4',' D',' ',13200,' ',6,69,' FINCA JOSE CASTRO (trasladado a BRS)',2,' No existe en SCADA',1,10797),(162,10286,NULL,'  27°22\'52.51\"S ',' 65°46\'8.50\"O',40.00,'2008-11-17',NULL,' 112008 PF 00087A',' ',9600,' C1',' D',' ',13200,' 612',6,70,' MORA MICUNA - MONTE BELLO',2,' El 17-02-10 se cambió RM por C13. El 24/10/22 se cambio a C1',1,10798),(163,10288,12800,'  27°24\'55.13\"S ',' 65°24\'16.92\"O',330.00,'2008-11-06',NULL,' PF00279A 112008',' ',9600,' C4',' D',' ',13200,' 317',7,71,' ESCUELA N° 241 - LOS VALENZUELA',2,' ',1,10800),(164,10289,NULL,' 27º 16´ 36.18´´',' 65º 29´ 00.53´´',330.00,'2008-11-04',NULL,' 112008 PF 00113A',' ',19200,' C4',' D',' ',13200,' ',7,72,' CAMINO A AMBERES KM 6 1/2.RIVADENEIRA',2,' ',1,10801),(165,10290,12800,'   27°29\'30.40\"S ',' 65°23\'36.79\"O',330.00,'2008-11-12',NULL,' 112008 PF 00095A',' ',9600,' C4',' D',' ',13200,' 764',6,58,' LA JUNTA     2NDA  S.E.T.',2,' ',1,10802),(166,10291,NULL,' ',' ',13.00,'2008-11-11',NULL,' 112008 PF 00130A',' ',19200,' C20',' D',' ',13200,' ',8,73,' PUESTO NUEVO',2,' No existe en SCADA',1,10803),(167,10293,12800,'   27°30\'47.68\"S ','  65°20\'10.59\"O',330.00,'2008-11-06',NULL,' ',' ',9600,' C4',' D',' ',13200,' 320',9,74,' SUD DE TREJO',2,' ',1,10805),(168,10294,12800,'  27°37\'35.41\"S ',' 65° 8\'20.28\"O',350.00,'2008-11-05',NULL,' 112008 PF 00097A',' ',9600,' C2',' D',' ',13200,' ',9,74,' BARRANCAS',2,' Tor. El 12-04-10 se cambió el gabinete y la radio porque se cayó.',1,10806),(169,10295,12800,'   27°44\'8.64\"S ',' 65° 1\'1.28\"O',325.00,'2008-11-05',NULL,' 112008 PF 00010A',' ',9600,' C4',' D',' ',13200,' 324',9,74,' VILLA PUGIO',2,' ',1,10807),(170,10296,NULL,' ',' ',330.00,'2008-11-05',NULL,' ',' ',19200,' C4',' D',' ',13200,' ',10,75,' LOS PAEZ',2,' ',1,10808),(171,10297,NULL,' ',' ',20.00,'2008-11-08',NULL,' 112008 PF 00222A',' ',19200,' C2',' D',' ',13200,' ',5,50,' YAQUILO SUR PUESTO LOS LUNAS',2,' ',1,10809),(172,10298,NULL,' ',' ',290.00,'2008-11-08',NULL,' 112008 PF 00071A',' ',19200,' C14',' D',' ',13200,' ',5,50,' CAMINO A YAQUILO NORTE FCA. ROMANO (trasladado)',2,' El 01/06/09 se cambió a C4. No existe en SCADA',1,10810),(173,16395,16384,' ',' ',140.00,'2008-11-08',NULL,' 112008 PF 00081A',' ',9600,' C14',' R',' SET 2759',13200,' 692',5,50,' CAMINO A LA CALERA FCA. ROLDAN',2,' 05/03/09 puesto en func con repet SET2759.',1,16907),(174,16394,16384,' ',' ',20.00,'2008-11-08',NULL,' ',' ',19200,' C14',' D',' ',13200,' ',5,76,' YANIMA FCA. FERNÁNDEZ (REPETIDORA)',2,' 04/03/09 se cambió a repetidora c/remoto',1,16906),(175,18443,18432,' ',' ',NULL,'2009-01-29',NULL,' ',' ',19200,' C2',' R',' Escaba',13200,' ',5,60,' ESCABA DE ARRIBA EL PORTEZUELO',2,' Se instaló sin RM y sin RTU. El xx-xx-09 puesto en func con repet ESCABA. ',1,18955),(176,10301,NULL,' ',' ',350.00,'2008-11-08',NULL,' 112008 PF 00079A',' ',19200,' C4',' D',' ',13200,' ',5,55,' ALTO EL PUESTO FCA. FERNÁNDEZ (trasladado)',2,' No existe en SCADA',1,10813),(177,10302,NULL,' ',' ',350.00,'2008-11-08',NULL,' 112008 PF 00078A',' ',19200,' C4',' D',' ',13200,' ',5,77,' TACO RODEO HILARIO GRANEROS',2,' ',1,10814),(178,10303,NULL,' ',' ',340.00,'2008-11-12',NULL,' 112008 PF 00080A',' ',19200,' C4',' D',' ',13200,' ',5,77,' LA CAÑADA -  FERNÁNDEZ',2,' ',1,10815),(179,10304,12800,'  27°40\'50.30\"S ',' 65°35\'25.72\"O',360.00,'2008-11-11',NULL,' 112008 PF 00068A',' ',9600,' C4',' D',' ',13200,' ',5,55,' FINCA POBLADOR',2,' ',1,10816),(180,17418,17408,' ',' ',45.00,'2008-11-17',NULL,' 112008 PF 00136A',' ',19200,' C4',' D',' ',13200,' ',7,69,' ALTO VERDE - ULTIMA SET',2,' 06/03/09 se cambió a repetidora c/remoto',1,17930),(181,10306,12800,' ',' ',325.00,'2008-11-06',NULL,' 082015 PF 00296',' ',9600,' C4',' D',' ',13200,' 388',9,79,' SUR DE SANDOVAL 1',2,' No. serie original 112008 PF 00099A. Fue robado en 2015.  Se reinstaló el 25/08/15. Viejo num. de serie 383746052-67608.',1,10818),(182,10307,12800,'  27°26\'54.85\"S ',' 65°10\'54.03\"O',315.00,'2008-11-06',NULL,' 112008 PF 00098A',' ',9600,' C2',' D',' ',13200,' IMEI 861001003651235 / 1096',9,79,' PALOMINOS 7',2,' Se cambio GPRS por RM. ',1,10819),(183,10350,10240,'  27°20\'21.81\"S ',' 65°36\'7.17\"O',122.00,'2012-11-28',NULL,' 122012 PF 00032',' ',9600,' C13',' D',' ',NULL,' ',7,52,' USPALLATA PASANDO HAYMES',2,' ',1,10862),(184,10308,NULL,' ',' ',20.00,'2008-11-07',NULL,' 112008 PF 00091A',' ',19200,' C4',' D',' ',13200,' ',7,52,' CALLE Nº 4 ESQ. CALLE Nº6 Bº 1 DE MAYO',2,' ',1,10820),(185,10309,12802,' ',' ',220.00,'2008-11-11',NULL,' 112008 PF 00028A',' ',9600,' C20',' D',' ',13200,' 1084',8,73,' EL PORVENIR - PUERTO NUEVO',2,' El 12/07/2011 se cambió batería por primera vez.',1,10821),(186,10310,NULL,' ',' ',345.00,'2008-11-08',NULL,' 112008 PF 00131A',' ',19200,' C20',' D',' ',13200,' ',5,77,' TACO RODEO (trasladado)',2,' El 19/08/11 se cambió a C20 de La Cocha. El 14/12/11 se cambió la bandeja completa porque daba muchos problemas. El analizador es nuevo. No existe en SCADA',1,10822),(187,10311,12800,'   27°22\'58.76\"S ','  65°30\'30.67\"O',345.00,'2008-11-12',NULL,' 112008 PF 00282A',' ',19200,' C2',' D',' ',13200,' 394',7,80,' LA ESPERANZA',2,' ',1,10823),(188,10312,NULL,' ',' ',320.00,'2008-11-05',NULL,' ',' ',19200,' C4',' D',' ',13200,' ',9,74,' REBAJE LAMADRID (trasladado)',2,' No existe en SCADA',1,10824),(189,10314,NULL,'   27°54\'33.18\"S ','  65°13\'14.71\"O',340.00,'2008-11-05',NULL,' ',' ',9600,' C4',' D',' ',13200,' 339',10,75,' EL PARAISO (ex 3620)',2,' ',1,10826),(190,10315,NULL,' ',' ',345.00,'2008-11-08',NULL,' ',' ',19200,' C4',' D',' ',13200,' ',5,77,' 3ª SET- RIVADENEIRA (trasladado)',2,' No existe en SCADA',1,10827),(191,10316,NULL,' ',' ',10.00,'2008-11-08',NULL,' 112008 PF 00077A',' ',9600,' C2',' D',' ',13200,' sin N°',5,77,' ULTIMA SET- FRENTE ROMANO',2,' ',1,10828),(192,10317,12802,'   27°25\'25.55\"S ','  65°36\'59.75\"O',355.00,'2008-11-07',NULL,' 112008 PF 00084A',' ',19200,' C4',' D',' ',13200,' 383',6,59,' ALBERDI Y AVELLANEDA- HOSPITAL DE AGUILARES',2,' Se puso remaches el 06/03/09. Ok el 07/07/09. Estaba en C2. Se pasó a C4',1,10829),(193,10318,NULL,' ',' ',340.00,'2008-11-12',NULL,' 112008 PF 00102A',' ',19200,' C4',' D',' ',33000,' ',7,66,' CIUDACITA (trasladado)',2,' No existe en SCADA',1,10830),(194,10320,12800,'  27°38\'29.63\"S ','  65°35\'51.60\"O',345.00,'2008-11-11',NULL,' 112008 PF 00058A',' ',9600,' C14',' D',' ',33000,' 384',5,55,' EL SACRIFICIO',2,' ',1,10832),(195,10321,NULL,' ',' ',15.00,'2008-11-11',NULL,' 112008 PF 00057A',' ',19200,' C4',' D',' ',33000,' ',8,73,' HUASA PAMPA NORTE (trasladado)',2,' No existe en SCADA',1,10833),(196,10322,10240,' ',' ',12.00,'2008-11-13',NULL,' 112008 PF 00056A',' ',19200,' C20',' D',' ',33000,' ',8,81,' LA COCHA',2,' 06/03/09 puesto en func con repet SET4345. El 09/02/12 se cambió a C20 directo.',1,10834),(197,15370,15360,' ',' ',357.00,'2008-11-13',NULL,' 112008 PF 00065A',' ',9600,' C20',' D',' ',33000,' ',8,82,' LA COCHA',2,' 04/03/09 se cambió a repetidora c/remoto. A partir del 09/02/12 no tiene más remotos.',1,15882),(198,10324,NULL,' ',' ',325.00,'2008-11-06',NULL,' 112008 PF 00128A',' ',19200,' C4',' D',' ',33000,' ',7,66,' MONTEAGUDO (trasladado)',2,' No existe en SCADA',1,10836),(199,10325,NULL,' ',' ',12.00,'2008-11-13',NULL,' 112008 PF 00060A',' ',19200,' C20',' D',' ',33000,' ',8,83,' CAMINO AL POTRERILLO',2,' El 19/08/11 se cambió a C20 de La Cocha.',1,10837),(200,10326,NULL,' ',' ',357.00,'2008-11-13',NULL,' ',' ',19200,' C20',' D',' ',33000,' ',8,83,' HUASA PAMPA AL SUR',2,' El 19/08/11 se cambió a C20 de La Cocha.',1,10838),(201,10327,NULL,'   27°38\'46.35\"S ',' 65°26\'9.32\"O',345.00,'2008-11-08',NULL,' 112008 PF 00027A',' ',9600,' C4',' D',' ',33000,' 445',5,77,' VILLA (2)',2,' ',1,10839),(202,10328,12802,'   27°57\'44.54\"S ','  65°32\'35.29\"O',353.00,'2008-11-13',NULL,' 11/2008  PF 00280A',' ',19200,' C4',' D',' ',33000,' 447',8,84,' RUMI PUNCO',2,' No se pudo leer N° de piquete',1,10840),(203,10329,NULL,' ',' ',16.00,'2008-11-11',NULL,' 112008 PF 00129A',' ',19200,' C20',' D',' ',33000,' ',8,85,' LOS PIZARROS',2,' Ok. El 14-04-09 se cambió RM y RTU. Sale por C4.',1,10841),(204,10330,NULL,' ',' ',340.00,'2008-11-05',NULL,' 112008 PF 00089A',' ',19200,' C4',' D',' ',33000,' ',10,75,' PUESTO DE LOS PEREZ',2,' ',1,10842),(205,10331,12800,' ',' ',350.00,'2008-11-06',NULL,' 112008 PF 00108A',' ',9600,' C2',' D',' ',33000,' IMEI 861001003651235 ',9,74,' RUTA 157 .DERIVACION ESTE.LA PLANTA',2,' Se reemp´lazo en GPRS por Radimodem',1,10843),(206,10332,12802,'   27°46\'29.36\"S ','  65°35\'20.41\"O',20.00,'2008-11-13',NULL,' 112008 PF 00064A',' ',9600,' C20',' D',' ',33000,' 1087',8,81,' LIBERTAD Y SAN MARTIN - Bº LIBERTAD',2,' ',1,10844),(207,10333,NULL,' ',' ',330.00,'2008-11-05',NULL,' 112008 PF 00062A',' ',19200,' C4',' D',' ',33000,' ',10,75,' PUESTO LOS PEREZ - No es Penalizado',2,' ',1,10845),(208,10334,NULL,' ',' ',NULL,'2008-11-05',NULL,' 112008 PF 00066A',' ',19200,' C4',' D',' ',33000,' ',10,75,' LA BANDA - TACO RALO - DETRAS DE LAS VIAS',2,' ',1,10846),(209,10335,10240,' ',' ',354.00,'2008-11-11',NULL,' 112008 PF 00133A',' ',19200,' C20',' D',' ',33000,' ',8,85,' ESTAC DE MANIOBRA 132 KV (ex 4716)',2,' 04/03/09 puesto en func con repet SET4345. Se elevó antena 5 mts. Posteriormente se trasladó de lugar y se puso en directo por C4. El 13/03/12 se cambió a C20.',1,10847),(210,10336,NULL,'  27°37\'53.73\"S ',' 65°13\'44.05\"O',330.00,'2008-11-05',NULL,' 112008 PF 000011A',' ',9600,' C4',' D',' ',33000,' 339',9,74,' CAMINO AL CEMENTERIO',2,' ',1,10848),(211,10337,NULL,' ',' ',330.00,'2008-11-05',NULL,' 112008 PF 00061A',' ',19200,' C4',' D',' ',13200,' ',10,75,' PUESTO 9 DE JULIO 2ª SET (trasladado)',2,' No existe en SCADA',1,10849),(212,10338,12800,'  27°54\'40.81\"S ',' 65°15\'50.82\"O',340.00,'2008-11-05',NULL,' 112008 PF 00069A',' ',9600,' C4',' D',' ',13200,' ',10,75,' FINCA FERNANDEZ - ULTIMA SET',2,' ',1,10850),(213,10310,10240,' ',' ',NULL,'2017-09-20',NULL,' 112008 PF 00131A',' ',19200,' C20',' D',' ',NULL,' 342',10,75,' (orig 1358) (real: 3348)',2,' ',1,10822),(214,10360,10240,'   27°48\'53.64\"S ','  65°26\'31.20\"O',290.00,'2014-09-19',NULL,' 092014 PF 00094',' ',19200,' C20',' D',' ',NULL,' 1037',8,81,' COLONIA AVELLANEDA',2,' ',1,10872),(215,10363,10240,'   27°37\'32.50\"S ',' 65°12\'59.60\"O',330.00,'2017-09-13',NULL,' 112008 PF 00131A',' ',9600,' C4',' D',' ',NULL,' 318',9,74,' SET A LA DERECHA FLÍA. BRITO (ex  3348) (real ???)',2,' ',1,10875),(216,10351,10240,' ',' ',NULL,'2012-11-28',NULL,' 112012 PF 00025',' ',19200,' C4',' D',' ',NULL,' ',10,75,' ESC. Nº 158 Y DISPENSARIO DE LA PALOMA',2,' ',1,10863),(217,10352,10240,' ',' ',NULL,'2012-12-06',NULL,' 112012 PF 00026',' ',19200,' C2',' D',' ',NULL,' 464',10,75,' DERIVACION A FLIA LUNA A 900M DE RUTA 333',2,' ',1,10864),(218,10353,10240,'  27°40\'50.53\"S ',' 65°24\'31.20\"O',340.00,'2012-12-06',NULL,' 122012 PF 00029',' ',9600,' C4',' D',' ',13200,' sin N°',5,77,' ULTIMA SET DERIV IZQUIERDA FLIA ORTIZ',2,' Estaba en C4. El 26/02/18 se cambió a C2. Se regerso a C4 Ñuñorco. 187/22 no tiene vinculacion a PAT',1,10865),(219,10354,10240,' ',' ',NULL,'2012-11-28',NULL,' 112012 PF 00027',' ',9600,' C4',' D',' ',NULL,' 334',10,75,' 1° SET - POSTE N°279436',2,' ',1,10866),(220,10355,10240,' ',' ',290.00,'2012-11-28',NULL,' 112012 PF 00028',' ',9600,' C20',' D',' ',NULL,' 796',10,75,' 1° SET CABRERA - ALTO VERDE',2,' ',1,10867),(221,10361,10240,' ',' ',NULL,'2014-10-03',NULL,' 102014 PF 00095',' ',19200,' C20',' D',' ',NULL,' ',8,81,' ADES',2,' ',1,10873),(222,10287,12800,'  27°22\'19.32\"S ','  65°25\'27.90\"O',330.00,'2008-11-14',NULL,' 292A 11/2008',' ',9600,' C4',' D',' ',13200,' ',7,71,' ESC N° 203 - EL PUESTO (ex 2460)',2,' ',1,10799),(223,10364,10240,'  27°47\'14.28\"S ',' 65°13\'55.92\"O',340.00,'2017-09-13',NULL,' ',' ',9600,' C4',' D',' ',NULL,' 1071',10,75,' POZO DE AGUA - FINCA VARGAS (ex  2785) (real 743 MON)',2,' ',1,10876),(224,10356,10240,'  27°30\'50.60\"S ',' 65°10\'35.40\"O',320.00,'2012-12-20',NULL,' 122012 PF 00030',' ',9600,' C4',' D',' ',NULL,' 820',9,79,' 3ª SET - ESCUELA N°127',2,' ',1,10868),(225,10357,10240,'  27°29\'49.86\"S ',' 65°16\'45.24\"O',330.00,'2012-12-20',NULL,' 122012 PF 00031',' ',9600,' C4',' D',' ',NULL,' sin N°',9,79,' FLIA PALOMINOS',2,' ',1,10869),(226,10362,10240,'  27°28\'45.44\"S ','  65°21\'44.66\"O',360.00,'2017-09-08',NULL,' PF00135A  112007',' ',9600,' C2',' D',' ',NULL,' 1035',9,86,' LOS TREJOS (ex 3887) (real: 1181)',2,' Estaba en C4. El 26/02/18 se cambió a C2.',1,10874),(227,10319,NULL,' ',' ',348.00,'2008-11-11',NULL,' 112008 PF 00059A',' ',19200,' C14',' D',' ',33000,' ',5,55,' LA INVERNADA-FRENTE POZO (ex 4326)',2,' No existe en SCADA',1,10831),(228,10358,10240,'   27°21\'19.58\"S ','  65°35\'21.72\"O',NULL,'2012-11-28',NULL,' 122012 PF 00033',' ',19200,' C13',' D',' ',NULL,' ',7,52,' ELVIRA RAWSON Y EL CEIBO Bº SAN ANDRES',2,' ',1,10870),(229,10292,11264,'   27°31\'15.69\"S ','  65°13\'49.36\"O',325.00,'2008-11-06',NULL,' 112008 PF 00138A',' ',9600,' C1',' D',' ',13200,' 651',9,74,' NIOGASTA (ex 2705)',2,' Nuevo equipo con Circutor 383746069-67608. El 01/06/09 se pondrá nueva bandeja completa con Circutor 383746090-67608.',1,10804),(230,10339,10240,' ',' ',NULL,'2009-06-12',NULL,' ',' ',19200,' C1',' D',' ',NULL,' ',8,81,' LA COCHA',2,' Tor. Circutor de 110V. El 30/09/09 se cambió a C1.',1,10851),(231,10340,10240,' ',' ',NULL,'2009-06-19',NULL,' 062009 PF 00143A',' ',19200,' C1',' D',' ',NULL,' ',8,84,' HUACRA',2,' Tor. Circutor de 110V.',1,10852),(232,10341,10240,' ',' ',NULL,'2009-07-02',NULL,' ',' ',19200,' C1',' D',' ',NULL,' ',7,87,' VILLA QUINTEROS - 133  (Agrup 1)',2,' Circutor de 110V.',1,10853),(233,10342,10240,' ',' ',NULL,'2009-07-02',NULL,' ',' ',19200,' C1',' D',' ',NULL,' ',7,87,' VILLA QUINTEROS - 113  (Agrup 1)',2,' Circutor de 110V.',1,10854),(234,10343,10240,' ',' ',NULL,'2009-07-02',NULL,' ',' ',19200,' C1',' D',' ',NULL,' ',7,87,' VILLA QUINTEROS - 233  (Agrup 1)',2,' Circutor de 110V.',1,10855),(235,10344,10240,' ',' ',NULL,'2009-07-02',NULL,' ',' ',19200,' C1',' D',' ',NULL,' ',7,87,' VILLA QUINTEROS - 213  (Agrup 1)',2,' Circutor de 110V.',1,10856),(236,10345,10240,' ',' ',NULL,'2009-07-21',NULL,' ',' ',19200,' C4',' D',' ',NULL,' ',6,59,' AGUILARES B - 113  (Agrup 3)',2,' Circutor de 110V. El 13-04-10 se cambió a C4.',1,10857),(237,10346,10240,' ',' ',NULL,'2009-07-21',NULL,' ',' ',19200,' C4',' D',' ',NULL,' ',6,59,' AGUILARES B - 213  (Agrup 3)',2,' Circutor de 110V. El 13-04-10 se cambió a C4.',1,10858),(238,10347,10240,' ',' ',NULL,'2009-07-22',NULL,' ',' ',19200,' C2',' D',' ',NULL,' ',6,59,' AGUILARES A - 133  (Agrup 4)',2,' Circutor de 110V.',1,10859),(239,10348,10240,' ',' ',NULL,'2009-07-22',NULL,' ',' ',19200,' C2',' D',' ',NULL,' ',6,59,' AGUILARES A - 233  (Agrup 4)',2,' Circutor de 110V.',1,10860),(240,10349,10240,' ',' ',NULL,'2010-04-13',NULL,' ',' ',19200,' C2',' D',' ',13200,' ',6,59,' CT SANTA BÁRBARA - Para Ing. Peñaloza',2,' Circutor de 110V.',1,10861),(241,18442,18432,'   27°40\'7.09\"S ',' 65°45\'38.32\"O',25.00,'2009-01-29',NULL,' ',' ',NULL,' C2',' D',' ',NULL,' 1033',5,60,' REPETIDORA ESCABA',2,' xx/xx/09 se cambió a repetidora c/remoto, aunque no tiene remoto asociado.',1,18954),(242,NULL,10240,'   27°20\'48.85\"S ',' 65°35\'16.53\"O',NULL,NULL,NULL,' ',' ',NULL,' C13',' ',' ',NULL,' sin N°',7,52,' Base TELGECS - Comcepción C13',2,' ',1,10752),(243,11367,11264,' 26°49\'13.08\"S',' 65°11\'27.96\"O',260.00,'2013-05-20',NULL,' 052013 PF 00062',' ',19200,' C1',' D',' ',13,' ',11,88,' Benjamin Villafañe 931',3,' ',1,11879),(244,11274,11264,' ',' ',NULL,'2009-01-20',NULL,' ',' ',19200,' C1',' D',' ',13,' ',11,88,' ALEM AL 200',3,' Tor. Cámara a nivel. OK Antena al exterior.',1,11786),(245,11275,11264,' ',' ',NULL,'2009-01-15',NULL,' ',' ',9600,' C1',' D',' ',13,' sin N°',11,88,' SANTIAGO AL 3220',3,' Tor.',1,11787),(246,11276,11264,' 26°48\'39.48\"S',' 65°12\'56.60\"O',255.00,'2009-01-12',NULL,' PF00387A 012009',' ',9600,' C1',' D',' ',13,' 740',11,88,' 12 OCTUBRE1250',3,' Tor.',1,11788),(247,11277,11264,' ',' ',NULL,'2009-01-14',NULL,' ',' ',19200,' C1',' D',' ',13,' ',11,88,' SANTIAGO-MITRE',3,' Tor.',1,11789),(248,11278,11264,' ',' ',NULL,'2009-01-13',NULL,' ',' ',19200,' C1',' D',' ',13,' ',11,88,' AV.INDEPENDENCIA 204 Y ENTRE RIOS',3,' Tor.',1,11790),(249,NULL,NULL,' ',' ',NULL,NULL,NULL,' ',' ',NULL,' ',' ',' ',13,' ',11,88,' ',NULL,' ',1,NULL),(250,11279,12801,'  26°49\'41.78\"S',' 65°10\'40.16\"O',260.00,'2009-01-13',NULL,' 00379A 1/2009',' ',9600,' C1',' D',' ',13,' 599',11,88,' LOLA MORA-HAITI',3,' Tor.',1,11791),(251,11280,11264,' ',' ',NULL,'2009-01-14',NULL,' ',' ',19200,' C1',' D',' ',13,' ',11,88,' ALSINA Y E.PADILLA EX ESTACION 24 DE SEP',3,' Tor.',1,11792),(252,11372,11264,'  26°54\'19.09\"S','  26°54\'19.09\"S',290.00,'2016-11-04',NULL,' 102016 PF 00321',' ',19200,' C1',' D',' ',13,' 633',11,88,' CAMINO A BELLA VISTA - LOS AGUIRRE',3,' Tor.',1,11884),(253,11281,11264,' 26°49\'2.68\"S',' 65°11\'5.62\"O',250.00,'2009-01-12',NULL,' 012019 PF 00377A',' ',9600,' C1',' D',' ',13,' 726',11,88,' ACONDARCO-MFIERRO',3,' Tor.',1,11793),(254,11282,11264,' 26°50\'12.84\"S','  65°13\'18.25\"O',260.00,'2009-01-14',NULL,' ',' ',19200,' C1',' D',' ',13,' ',11,88,' MIGUEL LILLO 668 Y BOLIVAR - CALLIERA',3,' Tor.',1,11794),(255,25610,25600,' 26°48\'19.13\"S',' 65°11\'47.91\"O',260.00,'2009-01-12',NULL,' 012009 PF 00355A',' ',9600,' C1',' D',' ',13,' ',11,88,' VENEZUELA ENTRE RIV.LAPRIDA - BUDEGUER- Repetidora',3,' Tor.',1,26122),(256,11284,11264,' 26°48\'39.45\"S',' 65°14\'17.03\"O',260.00,'2009-01-14',NULL,' ',' ',9600,' C1',' D',' ',13,' ',11,88,' VIAMONTE Y ESPAÑA - MONOBLOK',3,' Tor.',1,11796),(257,11285,11264,' ',' ',NULL,'2009-01-12',NULL,' 012009 PF 00244A',' ',19200,' C1',' D',' ',13,' ',11,88,' JUAN B.JUSTO Y R.ARAGON',3,' Tor.',1,11797),(258,11268,11264,' 26°49\'15.44\"S',' 65°15\'19.74\"O',260.00,'2008-06-03',NULL,' 237A 6/2008                          ',' ',9600,' C1',' D',' ',13,' ',11,88,' ROJAS PAZ Y GALÁN (ex M.de Luna 3800-B°Ojo de agua)',3,' ',1,11780),(259,11287,11264,' 26°48\'15.90\"S',' 65°14\'46.51\"O',270.00,'2009-01-15',NULL,' ',' ',9600,' C1',' D',' ',13,' 718',11,88,' CHILE AL 3500',3,' Tor.',1,11799),(260,11271,11264,' 26°50\'25.15\"S',' 65°16\'3.94\"O',250.00,'2008-07-10',NULL,' ',' ',9600,' C1',' D',' ',13,' 1026',11,88,' RUTA Nº 38 - TORASSO',3,' ',1,11783),(261,11289,11264,' 26°48\'57.10\"S','  65°15\'1.47\"O',250.00,'2009-01-15',NULL,' 364A 1/2009  ',' ',9600,' C1',' D',' ',13,' 1043',11,88,' SAN JUAN-Av AMERICA',3,' Tor.',1,11801),(262,11265,12801,' 26°50\'38.96\"S','  65°13\'26.22\"O',270.00,'2008-06-06',NULL,' 112008 PF 00122A',' ',9600,' C2',' D',' ',13,' 324',11,88,' FLORIDA Y MIGUEL LILLO',3,' ',1,11777),(263,11292,12801,'  26°51\'52.34\"S','  65°12\'55.68\"O',270.00,'2009-01-13',NULL,' 012009 PF 00445A',' ',19200,' C1',' D',' ',13,' S/N',11,88,' Bº DIZA',3,' Tor.',1,11804),(264,11293,11264,' ',' ',NULL,'2009-01-15',NULL,' ',' ',19200,' C1',' D',' ',13,' ',11,88,' PJE.HOLMBERG Y AZCUENAGA',3,' Tor.',1,11805),(265,11294,11264,' ',' ',NULL,'2009-01-12',NULL,' 012009 PF 00353A',' ',19200,' C1',' D',' ',13,' ',11,88,' BOLIVIA Y JUNIN',3,' Tor.',1,11806),(266,11295,11264,' 26°48\'17.08\"S',' 65°13\'41.04\"O',250.00,'2009-01-15',NULL,' PF00259A 012009',' no aplica',9600,' C1',' D',' no aplica',13,' Sin N°',11,88,' PERU Y SAAVEDRA',3,' Tor.',1,11807),(267,11296,11264,' ',' ',NULL,'2009-01-14',NULL,' 012009 PF 00207A',' ',19200,' C1',' D',' ',13,' ',11,88,' AV. ROCA Y BALTAZAR AGUIRRE',3,' Tor.',1,11808),(268,11379,11264,' 26°49\'3.71\"S',' 65°11\'55.48\"O',260.00,'2019-02-01',NULL,' PF 00352 022019',' ',9600,' C1',' D',' ',13,' 1077',11,88,' Rivadavia y España',3,' Posee sensor de temperatuta de transformador. ',1,11891),(269,11297,11264,' ',' ',NULL,'2009-01-12',NULL,' 012009 PF 00357A',' ',19200,' C1',' D',' ',13,' ',11,88,' E.CASTELAR Y LAPRIDA',3,' Tor.',1,11809),(270,11298,11264,' 26°49\'57.40\"S',' 65°16\'2.82\"O',260.00,'2009-01-16',NULL,' PF00436A 012009',' ',9600,' C1',' D',' ',13,' SN',11,88,' AV HORACIO POVIÑA BO.SAN MARTIN ESQ 17 DE AGO',3,' Tor.',1,11810),(271,11299,11264,' 26°48\'39.55\"S',' 65°14\'47.66\"O',260.00,'2009-01-15',NULL,' ',' ',9600,' C1',' D',' ',13,' 352',11,88,' STA FE AL 3400',3,' Tor.',1,11811),(272,11300,12801,' 26°50\'39.76\"S',' 65°14\'39.40\"O',260.00,'2009-01-14',NULL,' 388A 1/2009',' ',9600,' C1',' D',' ',13,' 746',11,88,' CNEL.ZELAYA Y MATHEU - B°E.ARGENTINO',3,' Tor.',1,11812),(273,11301,12801,' 26°51\'10.21\"S',' 65°13\'49.02\"O',265.00,'2009-01-14',NULL,' 437A 1/2009',' ',9600,' C1',' D',' ',13,' SN',11,88,' I.GARCILAZO 1703 Y LIBERTAD - B°UNIVERSITARIO',3,' Tor.',1,11813),(274,11302,11264,' 26°48\'57.43\"S',' 65°11\'36.66\"O',250.00,'2009-01-12',NULL,' 012009 PF 00352A',' ',9600,' C1',' D',' ',13,' sin N°',11,88,' URUGUAY-JBJUSTO',3,' Tor.',1,11814),(275,11303,11264,' ',' ',NULL,'2009-01-12',NULL,' 012009 PF 00205A',' ',9600,' C1',' D',' ',13,' ',11,88,' AV. SAN RAMON AL 700 - Bº SAN RAMON',3,' Tor.',1,11815),(276,11304,11264,' 26°48\'41.85\"S',' 65°11\'15.68\"O',260.00,'2009-01-12',NULL,' PF 00369A 012009',' ',9600,' C1',' D',' ',13,' ',11,88,' MARTIN BEHRO N° 281',3,' Tor.',1,11816),(277,11368,11264,' ',' ',260.00,'2013-05-17',NULL,' 052013 PF 00064',' ',9600,' C2',' D',' ',13,' 471',11,88,' PJE. M. NOUGUÉS Y CONSTITUCIÓN',3,' ',1,11880),(278,11306,12801,' 26°50\'12.08\"S','  65°10\'52.50\"O',265.00,'2009-01-13',NULL,' 00365A 1/2009',' ',9600,' C1',' D',' ',13,' ',11,88,' AV SILVANO BORES 60 - B°SAN MARTIN',3,' Tor.',1,11818),(279,11307,11264,' 26°49\'4.26\"S',' 65°12\'11.94\"O',NULL,'2009-01-20',NULL,' ',' ',19200,' C1',' D',' ',13,' ',11,88,' TEATRO SAN MARTIN',3,' Tor. Cámara a nivel.',1,11819),(280,11369,11264,'   ',' ',NULL,'2013-05-17',NULL,' 052013 PF 00065',' ',9600,' C2',' D',' ',13,' 1053',11,88,' ',3,' ',1,11881),(281,11308,11264,'  26°47\'36.14\"S','  65°14\'20.04\"O',245.00,'2009-01-14',NULL,' ',' ',19200,' C1',' D',' ',13,' ',11,88,' BULNES-D GALLO',3,' Tor.',1,11820),(282,11310,11264,' 26°49\'21.46\"S','  65°15\'5.81\"O',260.00,'2009-01-16',NULL,' ',' ',9600,' C1',' D',' ',13,' ',11,88,' ADOLFO DE LA VEGA Y CRISOSTOMO ALVAREZ',3,' Tor. El 02-03-18 se cambió a C23. Actualmente (17/05/2022) esta por C1 VN.',1,11822),(283,11291,11264,' ',' ',NULL,'2017-09-01',NULL,' 092017 PF 00336',' ',19200,' C1',' D',' ',13,' ',11,88,' ALBERTI AL 700',3,' Tor.',1,11803),(284,NULL,11264,' ',' ',NULL,'2009-01-14',NULL,' ',' ',19200,' C1',' D',' ',13,' ',11,88,' DBOSCO y MITRE',3,' Tor.',1,11823),(285,11312,11264,' ',' ',NULL,'2009-01-13',NULL,' ',' ',19200,' C1',' D',' ',13,' ',11,88,' RAUL COLOMB-AUTOPISTA',3,' Tor.',1,11824),(286,11313,11264,' 26°50\'32.73\"S',' 65°11\'52.50\"O',265.00,'2009-01-13',NULL,' 012009 PF 00357A',' ',9600,' C1',' D',' ',13,' 1114',11,88,' PJE.DIAZ VELEZ 691 Y PREBISCH',3,' Tor.',1,11825),(287,11314,11264,' 26°51\'18.31\"S',' 65°12\'21.12\"O',268.00,'2009-01-13',NULL,' PF00438A 012009',' ',9600,' C1',' D',' ',13,' 761',11,88,' MALABIA Y ENTRE RIOS',3,' Tor.',1,11826),(288,11315,11264,' 26°51\'2.78\"S',' 65°11\'9.27\"O',270.00,'2009-01-13',NULL,' PF00381A 012009',' ',9600,' C1',' D',' ',13,' ',11,88,' OCTAVIANO VERA 1021 - B° JUAN PABLO',3,' Tor.',1,11827),(289,11316,11264,' 26°50\'12.99\"S','  65°13\'46.38\"O',270.00,'2009-01-14',NULL,' 012009 PF 00147A',' ',9600,' C1',' D',' ',13,' ',11,88,' PELLEGRINI Y RONDEAU',3,' Tor.',1,11828),(290,11317,11264,' ',' ',NULL,'2009-01-14',NULL,' 012009 PF 00204A',' ',19200,' C1',' D',' ',13,' ',11,88,' GRAL.PAZ Y PELLEGRINI',3,' Tor.',1,11829),(291,11318,11264,' ',' ',NULL,'2009-01-12',NULL,' 012009 PF 00247A',' ',19200,' C1',' D',' ',13,' 623',11,88,' CALLES 8 Y 9 - VILLA M. MORENO',3,' Tor.',1,11830),(292,11319,11264,' 26°46\'19.46\"S',' 65°12\'5.64\"O',250.00,'2009-01-12',NULL,' 012009 PF 00245A',' ',9600,' C1',' D',' ',13,' ',11,88,' CALLE 12 ENTRE 27 Y 29 -VILLA M.MORENO',3,' Posee sensor de temperatuta de transformador. ',1,11831),(293,11320,11264,' ',' ',NULL,'2009-01-15',NULL,' ',' ',19200,' C1',' D',' ',13,' ',11,88,' C BARROS AL 2300',3,' Tor.',1,11832),(294,11272,11264,' 26°47\'37.93\"S',' 65°14\'53.89\"O',250.00,'2008-07-10',NULL,' PF 00368A 072008',' ',9600,' C1',' D',' ',13,' 649',11,88,' MEJICO AL 3800 - B° A.G.E.T',3,' ',1,11784),(295,11322,11264,' 26°49\'42.41\"S',' 65°13\'49.33\"O',260.00,'2009-01-14',NULL,' PF 00389A 012009',' ',9600,' C1',' D',' ',13,' 1028',11,88,' SAN LORENZO Y A.LUCERO',3,' Tor.',1,11834),(296,11323,11264,' 26°48\'11.77\"S',' 65°11\'59.64\"O',255.00,'2009-01-12',NULL,' 012009 PF 00346A',' ',9600,' C1',' D',' ',13,' ',11,88,' MEJICO Y MUÑECAS -EDIFICIO MEJICO N°650.',3,' Tor.',1,11835),(297,11324,11264,' ',' ',NULL,'2009-01-16',NULL,' ',' ',19200,' C1',' D',' ',13,' ',11,88,'  Bº SMATA II',3,' Tor.',1,11836),(298,11325,12801,'  26°52\'31.04\"S','  65°13\'13.89\"O',270.00,'2009-01-13',NULL,' 012009 PF 00203A',' ',19200,' C1',' D',' ',13,' 418',11,88,' B° C.BELGRANO - PJE.I.MALVINAS',3,' Tor.',1,11837),(299,11326,11264,' 26°50\'5.04\"S',' 65°11\'12.71\"O',260.00,'2009-01-20',NULL,' ',' ',9600,' C1',' D',' ',13,' sin N°',11,88,' AV BENJAMIN ARAOZ AL 800 - EDUCACION FISICA',3,' Tor. Cámara a nivel. Antena al exterior.',1,11838),(300,11327,11264,' 26°47\'19.42\"S',' 65°13\'35.55\"O',250.00,'2009-01-14',NULL,' 012009 PF 00240A',' ',9600,' C1',' D',' ',13,' 724',11,88,' AVDA. FCO. DE AGUIRRE AL 2500 - EX 2434',3,' 383746139-67608 se reemplazó registrador por uno nuevo con número de serie 383625020',1,11839),(301,11328,11264,' 26°50\'15.48\"S',' 65°11\'35.86\"O',255.00,'2009-01-13',NULL,' ',' ',9600,' C1',' D',' ',13,' 551',11,88,' W. POSSE FRENTE ESTACION (ALT. D. GARCIA)',3,' Tor. Alumbrado público.',1,11840),(302,11389,12801,' 26°51\'16.15\"S',' 65°14\'28.52\"O',270.00,'2021-09-20',NULL,' ',' ',9600,' C2',' D',' ',13,' ',11,88,' Olleros y Av. Colon',3,' ',1,11901),(303,11329,11264,'  26°49\'45.16\"S',' 65°14\'22.84\"O',270.00,'2009-01-14',NULL,' 012009 PF 00206A',' ',9600,' C1',' D',' ',13,' 749',11,88,' GRAL. PAZ Y CNEL. ZELAYA',3,' Tor.',1,11841),(304,11305,11264,' ',' ',NULL,'2013-05-16',NULL,' 052013 PF 00077',' ',19200,' C1',' D',' ',13,' ',11,88,' LA PLATA Y PJE. BENJAMÍN PAZ (ex 1032)',3,' Tor.',1,11817),(305,11330,11264,' ',' ',NULL,'2009-01-16',NULL,' ',' ',19200,' C1',' D',' ',13,' ',11,88,' FORTUNATA GARCÍA Y LUIS BRAILE',3,' Tor.',1,11842),(306,11331,12801,'  26°51\'38.62\"S','  65°11\'57.48\"O',270.00,'2009-01-13',NULL,' 012009 PF 00372A',' ',19200,' C1',' D',' ',13,' ',11,88,' CONTINUACION AMERICO VESPUCIO AL 300',3,' Tor.',1,11843),(307,11332,11264,' ',' ',NULL,'2009-01-12',NULL,' 012009 PF 00246A',' ',19200,' C1',' D',' ',13,' ',11,88,' B° EXPERIMENTAL III -  2º SET - LAS TALITAS',3,' Tor.',1,11844),(308,11333,12801,'  26°52\'0.38\"S','  65°12\'24.63\"O',270.00,'2009-01-13',NULL,' 012009 PF 00383A',' ',19200,' C1',' D',' ',13,' 761',11,88,' Bº SAN SALVADOR',3,' Tor.',1,11845),(309,11334,12801,'  26°50\'57.72\"S','  65°14\'6.00\"O',265.00,'2009-01-14',NULL,' PF446A 12009                      ',' ',9600,' C1',' D',' ',13,' ',11,88,' MALABIA Y AMADOR LUCERO',3,' Tor.',1,11846),(310,11336,11264,' 26°51\'31.52\"S',' 65°13\'48.68\"O',250.00,'2009-01-14',NULL,' ',' ',9600,' C1',' D',' ',13,' 811',11,88,' Bº GRÁFICO I - PROSPERO MENA E/GRAN. DE SANMA',3,' Tor.',1,11848),(311,11337,11264,'  26°50\'29.06\"S',' 65°15\'41.00\"O',265.00,'2009-01-16',NULL,' PF00441A 012009                        ',' ',9600,' C1',' D',' ',13,' ***',11,88,' RUFINO COSSIO 1365 Y CALLE 27/78',3,' Tor.',1,11849),(312,11339,11264,' 26°49\'26.58\"S',' 65°13\'50.70\"O',260.00,'2009-01-14',NULL,' ',' ',9600,' C1',' D',' ',13,' ',11,88,' JUAN JOSE PASSO Y SAN MARTÍN',3,' Tor.',1,11851),(313,11340,11264,'  26°50\'39.89\"S','  65°12\'11.44\"O',NULL,'2009-01-13',NULL,' PF00380A 012009',' ',19200,' C1',' D',' ',13,' 585',11,88,' ENTRE RIOS 934 Y AV. ROCA',3,' Tor.',1,11852),(314,11341,11264,' 26°52\'22.08\"S',' 65°12\'17.55\"O',270.00,NULL,NULL,' PF00384A 012009',' ',9600,' C1',' D',' ',13,' ',11,88,' Bº TOPA - EX 3749',3,' Fue desmontado el 19/05/2022 de la set 3749 - Instalado en la SET 8635 20/05/2022',1,11853),(315,11374,11264,' 26°50\'1.68\"S',' 65°13\'0.48\"O',260.00,'2016-11-25',NULL,' 102016 PF 00322',' ',9600,' C2',' D',' ',13,' 451',11,88,' BERNABÉ ARÁOZ 390',3,' Tor.',1,11886),(316,11342,11264,' 26°44\'53.60\"S','  65°12\'13.13\"O',240.00,'2009-01-13',NULL,' 012009 PF 00243A',' ',9600,' C1',' D',' ',13,' Sin N°',11,88,' LAS MORITAS',3,' Tor.',1,11854),(317,11373,11264,' 26°45\'22.68\"S','  65°11\'50.64\"O',280.00,'2016-11-25',NULL,' 102016 PF 00323',' ',9600,' C1',' D',' ',13,' ',11,88,' AMPLIACIÓN B° GRAFICO II - 247 VIV - SET ESTE',3,' Tor.',1,11885),(318,11370,11264,' ',' ',NULL,'2014-09-23',NULL,' 092014 PF 00092',' ',19200,' C1',' D',' ',13,' ',11,88,' MENDOZA',3,' ',1,11882),(319,11343,12801,' ',' ',280.00,'2009-01-16',NULL,' 012009 PF 00170A',' ',9600,' C1',' D',' ',13,' 493',11,88,' 9 DE JULIO-LASALLE',3,' Tor.',1,11855),(320,11335,11264,' ',' ',NULL,'2013-05-16',NULL,' ',' ',19200,' C1',' D',' ',13,' ',11,88,' EL SALVADOR AL 400 (ex 2897)',3,' Tor.',1,11847),(321,11380,11264,'  26°49\'22.76\"S','  65°14\'47.28\"O',255.00,NULL,NULL,' 072019 PF 00354',' ',9600,' C1',' ',' ',NULL,' 561',11,88,' JOSÉ C. PAZ Y LIDORO QUINTEROS',3,' ',1,11892),(322,11375,11264,'  26°47\'57.84\"S',' 65°12\'57.96\"O',335.00,'2016-09-21',NULL,' 092016 PF 00311',' ',9600,' C23',' D',' ',13,' Sin N°',11,88,' SAN M IGUEL AL 2000',3,' Tor. El 29-11-16 se puso el RM y quedó funcionando normalmente.',1,11887),(323,11344,11264,' 26°48\'57.29\"S',' 65°12\'30.83\"O',255.00,'2009-01-12',NULL,' PF00376A 012009',' ',9600,' C1',' D',' ',13,' Sin N°',11,88,' ESPAÑA-CATAMARCA',3,' Tor.',1,11856),(324,11376,11264,' 26°49\'5.88\"S',' 65°11\'40.92\"O',350.00,'2016-09-21',NULL,' 092016 PF 00312',' ',9600,' C9',' D',' ',13,' 667',11,88,' PJE. JOSÉ GARCÍA Y ESPAÑA',3,' Tor. El 29-11-16 se puso el RM y quedó funcionando normalmente.',1,11888),(325,11377,11264,' ',' ',NULL,'2016-11-04',NULL,' 102016 PF 00320',' ',19200,' C1',' D',' ',13,' 1030',11,88,' LOS VELARDES - Bº SANTO DOMINGO',3,' Tor. El 25-11-16 se puso el RM y quedó funcionando normalmente.',1,11889),(326,11381,11264,'  26°47\'51.65\"S','  65°12\'34.32\"O',240.00,'2019-08-01',NULL,' 082019 PF 00356',' ',9600,' C1',' D',' ',NULL,' 559',11,88,' Suipacha y Ramirez de Velazco',3,' ',1,11893),(327,11371,11264,' 26°54\'46.23\"S','  65°14\'7.26\"O',290.00,'2014-09-23',NULL,' 092014 PF 00093',' ',9600,' C1',' D',' ',13,' Sin N°',11,89,' BELLA VISTA',3,' ',1,11883),(328,11341,11264,' 26°52\'22.08\"S',' 65°12\'17.55\"O',270.00,'2022-05-20',NULL,' ',' ',9600,' C1',' D',' ',13,' ',11,90,' Ba. Alejandro Heredia C63 Sureste - EX 3749',3,' Es el PF que estaba instalado en la SET 3749',1,11853),(329,11390,11264,' 26°51\'23.18\"S','  65°16\'5.75\"O',270.00,'2021-10-06',NULL,' 092021 PF00390',' ',9600,' C1',' D',' ',13,' 1103',11,88,' PJE 86-49 B SO Y PEDRO BERRETA',3,' ',1,11902),(330,11391,11264,' 26°47\'58.46\"S',' 65°10\'35.59\"O',260.00,'2022-03-31',NULL,' 032022 00395',' ',9600,' C2',' D',' ',13,' 1124',11,88,' Cnel Murga y rafael Obligado',NULL,' ',1,11903),(331,11309,11264,' 26°46\'41.00\"S',' 65°12\'0.40\"O',260.00,'2009-01-12',NULL,' 012009 PF 00242A',' ',9600,' C1',' D',' ',13,' 548',11,88,' CALLE 16 Y 13 - POZO AMPL.V.M.MORENO (ex 1140)',3,' Tor.',1,11821),(332,11388,12801,' 26°52\'5.28\"S',' 65°14\'41.14\"O',275.00,'2021-09-20',NULL,' 092021  PF00387',' ',9600,' C2',' D',' ',13,' ',11,88,' B° 250 Viviendas - Antonio Perez Palavecino',3,' ',1,11900),(333,11290,11264,' 26°49\'50.32\"S',' 65°15\'7.31\"O',260.00,'2009-01-16',NULL,' PF00447A  012009',' ',9600,' C1',' D',' ',13,' Sin N°',11,88,' LAVALLE AL 3400 - Bº INDIANA (ex 487)',3,' Tor.',1,11802),(334,11345,NULL,' ',' ',NULL,'2009-06-03',NULL,' ',' ',19200,' C1',' D',' ',13,' ',11,88,' ESTÁTICA 1 ',3,' Tor. Circutor de 110V.',1,11857),(335,11346,NULL,' ',' ',NULL,'2009-06-03',NULL,' ',' ',19200,' C1',' D',' ',13,' ',11,88,' ESTÁTICA 2 ',3,' Tor. Circutor de 110V.',1,11858),(336,11347,11264,' ',' ',NULL,'2009-07-31',NULL,' No tiene',' ',19200,' C1',' D',' ',13,' 1054',11,88,' TUCUMAN OESTE A - TP1 13  (Agrup 6)',3,' Circutor de 110V.',1,11859),(337,11348,11264,' ',' ',NULL,'2009-07-31',NULL,' No tiene',' ',19200,' C1',' D',' ',13,' 1054',11,88,' TUCUMAN OESTE B -TP2 13 (Agrup 6)',3,' Circutor de 110V.',1,11860),(338,11349,11264,' ',' ',NULL,'2009-08-24',NULL,' ',' ',19200,' C1',' D',' ',13,' ',11,88,' SARMIENTO 1  (Agrup 7)',3,' Circutor de 110V.',1,11861),(339,11350,11264,' ',' ',NULL,'2009-08-24',NULL,' ',' ',19200,' C1',' D',' ',13,' ',11,88,' SARMIENTO 2  (Agrup 7)',3,' Circutor de 110V.',1,11862),(340,11351,11264,' ',' ',NULL,'2009-08-28',NULL,' ',' ',19200,' Cx',' D',' ',13,' ',11,88,' AVELLANEDA 1  (Agrup 8)',3,' Circutor de 110V. En func. desde el 25/11/09 con base en COD',1,11863),(341,11352,11264,' ',' ',NULL,'2009-08-28',NULL,' ',' ',19200,' Cx',' D',' ',13,' ',11,88,' AVELLANEDA 2  (Agrup 8)',3,' Circutor de 110V.',1,11864),(342,11353,11264,' ',' ',NULL,'2009-12-21',NULL,' ',' ',19200,' C2',' D',' ',33,' ',11,88,' TUCUMÁN NORTE 133  (Agrup 9)',3,' Circutor de 110V.',1,11865),(343,11354,11264,' ',' ',NULL,'2009-12-21',NULL,' ',' ',19200,' C2',' D',' ',33,' ',11,88,' TUCUMÁN NORTE 233  (Agrup 9)',3,' Circutor de 110V.',1,11866),(344,11355,11264,' ',' ',NULL,'2021-05-18',NULL,' PF S/N 00378 052009',' ',9600,' C1',' D',' ',13,' Sin N°',11,88,' TUCUMÁN NORTE 113  (Agrup x)',3,' Circutor de 110V. Estan en un solo gabinete doble TP1 y TP2 de 13,2 Kv',1,11867),(345,11356,11264,' ',' ',NULL,'2021-05-18',NULL,' PF S/N 00378 052009',' ',9600,' C1',' D',' ',13,' Sin N°',11,88,' TUCUMÁN NORTE 213  (Agrup x)',3,' Circutor de 110V. Estan en un solo gabinete doble TP1 y TP2 de 13,2 Kv',1,11867),(346,11387,12801,' ',' ',NULL,'2021-05-01',NULL,' PF S/N 00379 052021',' ',9600,' C1',' D',' ',13,' ',11,88,' TUCUMAN NORTE 413',NULL,' Circutor de 110V. Un solo gabinete. ',1,11899),(347,11386,12801,' ',' ',NULL,'2021-05-01',NULL,' PF S/N 00380 052021',' ',9600,' C2',' D',' ',33,' ',11,88,' TUCUMAN NORTE 433',NULL,' Circutor de 110V. Un solo gabinete. ',1,11898),(348,11357,11264,' ',' ',NULL,'2009-10-20',NULL,' ',' ',19200,' C1',' D',' ',33,' ',11,88,' INDEPENDENCIA 133  (Agrup 10)',3,' Circutor de 110V.',1,11869),(349,11358,11264,' ',' ',NULL,'2009-10-20',NULL,' ',' ',19200,' C1',' D',' ',33,' ',11,88,' INDEPENDENCIA 233  (Agrup 10)',3,' Circutor de 110V.',1,11870),(350,11359,11264,' ',' ',NULL,'2009-10-22',NULL,' ',' ',19200,' C1',' D',' ',13,' ',11,88,' INDEPENDENCIA 113  (Agrup 11)',3,' Circutor de 110V.',1,11871),(351,11360,11264,' ',' ',NULL,'2009-10-22',NULL,' ',' ',9600,' C1',' D',' ',13,' ',11,88,' INDEPENDENCIA 313  (Agrup 11)',3,' ',1,11872),(352,11384,11264,' ',' ',280.00,'2021-05-28',NULL,' PF S/N 00381 052021',' ',9600,' C1',' D',' ',13,' ',11,88,' INDEPENDENCIA BARRA A',NULL,' Circutor de 110V. Gabinete doble Barra A y Brra B',1,11896),(353,11385,11264,' ',' ',280.00,'2021-05-28',NULL,' PF S/N 00381 052021',' ',9600,' C1',' D',' ',13,' ',11,88,' INDEPENDENCIA BARRA B',NULL,' Circutor de 110V. Gabinete doble Barra A y Brra B',1,11896),(354,11361,11264,' ',' ',NULL,'2012-06-22',NULL,' 062012 PF 00021',' ',19200,' C1',' D',' ',13,' ',11,88,' ESTÁTICA SUR',3,' Circutor de 110V. Funciona desde el 11-07-12',1,11873),(355,11362,11264,' ',' ',NULL,NULL,NULL,' ',' ',19200,' ',' ',' ',13,' ',11,88,' TUCUMAN OESTE 313  (Agrup xxx)',3,' ',1,11874),(356,11363,11264,' ',' ',NULL,NULL,NULL,' ',' ',19200,' ',' ',' ',33,' ',11,88,' TUCUMAN OESTE 333  (Agrup xxx)',3,' ',1,11875),(357,11364,11264,' ',' ',NULL,NULL,NULL,' ',' ',19200,' ',' ',' ',NULL,' ',NULL,NULL,' CEVIL POZO 33',NULL,' ',1,11876),(358,11365,11264,' ',' ',NULL,NULL,NULL,' ',' ',19200,' ',' ',' ',NULL,' ',NULL,NULL,' CEVIL POZO 13',NULL,' ',1,11877),(359,11366,11264,' ',' ',NULL,NULL,NULL,' ',' ',19200,' C1',' D',' ',NULL,' ',11,88,' SARMIENTO 3',3,' ',1,11878),(360,NULL,NULL,'  No se Instalo ',' No se Instalo',NULL,'2022-06-16',NULL,' PF S/N00398 052022',' ',9600,' *',' *',' *',NULL,' S/N 00386',11,88,' Gerencia de Ingenieria EDET',3,' Se entrega a G.I EDET. No esta destinado a ser instalado',1,NULL),(361,11400,12801,' ',' ',NULL,'2011-10-05',NULL,' ',' ',19200,' ',' ',' ',NULL,' ',NULL,NULL,' EQUIPO DE PRUEBA PARA SEBASTIÁN',NULL,' Equipo de prueba sin comunicación.',1,11912),(362,20491,20480,' ',' ',94.00,'2009-05-29',NULL,' 052009 PF 00189A',' ',19200,' C7',' R',' ',13,' 1089',12,91,' POBLACION.',4,' Tor.',1,21003),(363,26635,26624,'  27° 8\'52.44\"S','  65°44\'3.48\"O',120.00,'2016-11-01',NULL,' 102016 PF 00319',' ',9600,' C2',' R',' SET 906',13,' 1023',13,92,' CAMPAMENTO ESTABLE',4,' Tor. El 30-11-16 se puso el RM y quedó funcionando normalmente.',1,27147),(364,12299,NULL,' ',' ',336.00,'2008-12-05',NULL,' 122008 PF 00213A',' ',19200,' C2',' D',' ',13,' ',14,93,' LA MADRID Y PUYRREDON',4,' Tor.',1,12811),(365,12300,NULL,' ',' ',350.00,'2008-12-05',NULL,' 122008 PF 00325A',' ',19200,' C2',' D',' ',13,' ',15,94,' FINCA TULIO',4,' Tor.',1,12812),(366,12301,NULL,'  26°50\'41.14\"S','  65°17\'3.44\"O',260.00,'2008-12-15',NULL,' 122008 PF 00208A',' ',9600,' C2',' D',' ',13,' 475',14,95,' DIEJO DE ROJAS Y LOLA MORA',4,' Tor.',1,12813),(367,27661,27648,' 26°51\'20.71\"S',' 65°22\'23.03\"O',60.00,'2008-12-15',NULL,' 308A 12/2008        ',' ',9600,' C2',' R',' SET 6986',13,' 443',14,96,' VILLA NOUGUES N° 1',4,' Tor.',1,28173),(368,12303,12800,' 27° 1\'31.23\"S',' 65°17\'32.41\"O',334.00,'2008-12-04',NULL,' 122008 PF 00171A',' ',9600,' C2',' D',' ',13,' ',15,97,' CIA TUCUMANA DE FOSFORO - RUTA Nº157',4,' Tor.',1,12815),(369,12304,12800,'  26°56\'25.94\"S','  65°42\'38.16\"O',136.00,'2008-12-10',NULL,' no tiene',' ',19200,' C4',' D',' ',13,' 1046',16,98,' CLUB LA CUEVA.',4,' Tor.',1,12816),(370,12322,NULL,' ',' ',NULL,'2017-09-12',NULL,' ',' ',19200,' C23',' D',' ',13,' ',14,96,' ANTENAS TV VILLA NOUGUES (ex 1439) (real: 1439)',4,' Rem. ',1,12834),(371,12305,NULL,' ',' ',20.00,'2008-12-03',NULL,' 122008 PF 00341A',' ',9600,' C2',' D',' ',13,' 427',13,99,' BELGRANO Y MORENO',4,' Rem. ',1,12817),(372,12306,NULL,' ',' ',334.00,'2008-12-04',NULL,' ',' ',19200,' C2',' D',' ',13,' ',15,97,' HISENS ELECTRONICA S.A.I.C',4,' Tor.',1,12818),(373,12307,NULL,' ',' ',320.00,'2008-11-28',NULL,' ',' ',19200,' C2',' D',' ',13,' ',17,100,' BALDERRAMA - SR.SIJA (trasladado)',4,' Rem.  No esta en SCADA',1,12819),(374,12308,NULL,' 27° 2\'55.10\"S',' ',0.00,'2008-11-27',NULL,' 112008 PF 00286A',' ',19200,' C2',' D',' ',13,' ',18,101,' BARRIO OESTE- MATIENZO Y MANUEL LAINEZ',4,' Rem. ',1,12820),(375,26634,26624,' 27°13\'18.15\"S',' 65°33\'34.79\"O',25.00,'2008-12-02',NULL,' 122008 PF 00214A',' ',19200,' C2',' D',' ',13,' ',13,102,' IBATIN - Repetidora',4,' Rem. ',1,27146),(376,12311,NULL,' ',' ',32.00,'2008-12-03',NULL,' 112008 PF 00287A',' ',19200,' C2',' D',' ',13,' ',13,103,' POBLACION',4,' Tor.',1,12823),(377,12312,NULL,' ',' ',35.00,'2008-12-03',NULL,' 122008 334A',' ',9600,' C2',' D',' ',13,' 369',13,104,' ENTRADA A CAPITAN CACERES',4,' Rem. ',1,12824),(378,12313,12802,' ',' ',15.00,'2008-12-03',NULL,' 112008 PF 00123A',' ',9600,' C2',' D',' ',13,' 538',13,102,' RUTA N° 326 YERBA BUENA',4,' Rem. ',1,12825),(379,12359,12802,' ',' ',320.00,'2008-11-28',NULL,' 112008 PF 00117A',' ',9600,' C2',' D',' ',13,' 348',17,105,' BALDERRAMA -  FCA JUANA GODOY (ex 4650)',4,' Rem.',1,12871),(380,12314,NULL,' 27°10\'0.77\"S','  65°29\'46.56\"O',20.00,'2009-02-11',NULL,' 022009 PF 00224A',' ',9600,' C4',' D',' ',13,' ',13,99,' BELGRANO Y  RIVADAVIA ( ESCUELA)',4,' ',1,12826),(381,12370,12288,' ',' ',NULL,'2014-11-13',NULL,' 112014 PF 00097',' ',19200,' C2',' D',' ',13,' ',13,106,' FAMAILLÁ',4,' Deshabilitado',1,12882),(382,12315,NULL,' ',' ',355.00,'2008-12-15',NULL,' 122008 PF 00333A',' ',19200,' C2',' D',' ',13,' 421',15,107,' COOPERATIVA ENTRE RIOS',4,' Rem. ',1,12827),(383,12316,NULL,' ',' ',162.00,'2008-12-10',NULL,' ',' ',19200,' C4',' D',' ',13,' ',16,108,' ESTANCIA ZAVALETA.SANTA ROSA.',4,' Tor.',1,12828),(384,12317,12802,' 26°58\'42.36\"S',' 65°18\'13.19\"O',328.00,'2008-12-05',NULL,' PF00326A 122008',' ',9600,' C2',' D',' ',13,' 688',14,93,' FINCA TINA - ESCUELA N° 174',4,' Tor.',1,12829),(385,12318,NULL,' ',' ',7.00,'2008-12-02',NULL,' ',' ',19200,' C4',' D',' ',13,' ',13,102,' SR: ESPINDOLA',4,' ',1,12830),(386,26634,NULL,' ',' ',15.00,'2008-12-02',NULL,' ',' ',19200,' C2',' D',' ',13,' ',13,102,' SATURNINO BARRIONUEVO (trasladado)',4,' Rem.  No esta en SCADA',1,27146),(387,12320,NULL,' ',' ',15.00,'2008-12-02',NULL,' ',' ',19200,' C2',' D',' ',13,' ',13,102,' ESCUELA NACIONAL N° 258.FINAL M/T (ex 1305)',4,' Rem. ',1,12832),(388,12321,12800,' ',' ',325.00,'2008-11-26',NULL,' 112008 PF 00118A',' ',9600,' C4',' D',' ',13,' 1087',17,105,' DERIVACION SOBRE RUTA N°327.SR.IBARRA',4,' ',1,12833),(389,12322,NULL,' ',' ',22.00,'2008-11-27',NULL,' ',' ',19200,' C2',' D',' ',13,' ',13,106,' SOBRE RUTA N° 307 KM 3 (trasladado)',4,' Rem.  no esta en SCADA',1,12834),(390,12323,NULL,' ',' ',355.00,'2008-12-04',NULL,' 112008 PF 00137A',' ',19200,' C2',' D',' ',13,' ',15,107,' FINCA DEL SR.MATIAS',4,' Tor.',1,12835),(391,12324,12802,'  27°11\'20.43\"S','  65°25\'40.89\"O',320.00,'2008-11-28',NULL,' ',' ',19200,' C2',' D',' ',13,' ',13,102,' FINCA DE SILVESTRE CORREA',4,' Rem.',1,12836),(392,12325,NULL,' ',' ',320.00,'2008-11-28',NULL,' 112008 PF 00116A',' ',19200,' C2',' D',' ',13,' 330',17,68,' FINCA DE ZULMA SOLDATI',4,' Rem.',1,12837),(393,12326,12802,'  27° 6\'23.94\"S',' 65°22\'29.80\"O',357.00,'2008-12-04',NULL,' 122008 PF 00322A',' ',9600,' C2',' D',' ',13,' 1110',15,107,' SAN JOSE DE BUENA VISTA',4,' Tor.',1,12838),(394,12327,12800,'  27°22\'49.62\"S',' 65°11\'39.69\"O',310.00,'2008-11-26',NULL,' 112008 PF 0295A',' no aplica',9600,' C4',' D',' ',13,' 499',17,110,' A LA PAR FINCA DE ANALIA ARRIETA',4,' Sin PAT. Se debe realizar corte para colocar PAT',1,12839),(395,12366,12288,' ',' ',NULL,'2013-05-17',NULL,' 052013 PF 00225A',' ',19200,' C1',' D',' ',13,' ',14,95,' RUTA 301 (ex 3287 MET)',4,' Tor. Se trasladó desde SET 3287 de MET.',1,12878),(396,12328,NULL,' 26°51\'22.78\"S',' 65°40\'21.38\"O',185.00,'2008-12-10',NULL,' 122008 PF0395A',' ',9600,' C4',' D',' ',13,' 453',16,108,' POBLACION.',4,' ex 1791',1,12840),(397,21517,21504,' ',' ',20.00,'2008-12-10',NULL,' 122008 PF 00190A',' ',19200,' C4',' R',' ',13,' ',16,98,' B° PEÑAROL FRENTE AL SR:ROQUE ROLDAN.',4,' Rem.  A partir del 14-05-09 sale por repet SET 4945',1,22029),(398,12330,NULL,' ',' ',343.00,'2008-12-05',NULL,' 112008 PF 00125A',' ',19200,' C2',' D',' ',13,' 301',14,93,' POBLACION',4,' Tor.',1,12842),(399,20503,20480,' 26°36\'38.88\"S',' 65°52\'38.55\"O',70.00,'2009-05-28',NULL,' 052009 PF 00191A',' ',9600,' C7',' D',' ',13,' ',12,91,' LA FRONTERITA. - EX 1828',4,' Tor. Cambiado a directo el 11/08/09 - Se pasa a repetidora 12/10/21 - 04/10/2022 se transaldo de la set 1828 a la 10293',1,21015),(400,12332,NULL,' ',' ',260.00,'2008-12-15',NULL,' 122008 PF 00198A',' ',19200,' C2',' D',' ',13,' ',14,95,' FINCA GOMEZ - LA RINCONADA',4,' Tor.',1,12844),(401,12333,12800,' 26°58\'45.84\"S',' 65°24\'47.52\"O',26.00,'2008-12-05',NULL,' 052013 PF 00069R',' ',9600,' C2',' D',' ',13,' 505',18,101,' (ex 1918)',4,' Tor. El 23/05/13 se trasladó a SET 1916 y se cambió el analizador.',1,12845),(402,12334,12800,' 27° 1\'6.45\"S',' 65°18\'0.03\"O',334.00,'2008-12-04',NULL,' PF 327A 12/2008',' ',9600,' C2',' D',' ',13,' Sin N°',15,97,' JUAN XXIII Y GODOY CRUZ',4,' Tor.',1,12846),(403,12335,NULL,' ',' ',348.00,'2008-12-04',NULL,' ',' ',19200,' C2',' D',' ',13,' ',15,97,' FRENTE A FINCA DE QUELO LAZARTE',4,' Rem.',1,12847),(404,12370,12288,' 26°56\'13.73\"S',' 65°19\'35.77\"O',330.00,'2019-07-25',NULL,' PF 0355 072009',' ',9600,' C2',' D',' ',13,' 669',19,111,' Av. Ramon Bautista Ortega.',4,' ',1,12882),(405,12336,NULL,' ',' ',322.00,'2008-11-28',NULL,' 112008 PF 00121A',' ',19200,' C2',' D',' ',13,' ',17,112,' FINCA EDUARDO ALBORNOZ',4,' Rem.',1,12848),(406,12337,12800,'  27°23\'42.93\"S','  65°22\'13.98\"O',325.00,'2008-11-26',NULL,' 112008 PF 00107A',' ',19200,' C4',' D',' ',13,' ',17,113,' LOS SANDOVALES',4,' 11/02/2009- Robado en agosto de 2015. Tenía num. de serie 383801074-72088.',1,12849),(407,12338,NULL,' ',' ',324.00,'2008-12-05',NULL,' 122008 PF 00217A',' ',19200,' C2',' D',' ',13,' ',14,93,' COOPERATIVA EL CARMEN.FINCA PADILLA',4,' Tor.',1,12850),(408,12339,12802,'  27° 9\'27.23\"S','  65°23\'25.84\"O',3.00,'2008-12-05',NULL,' 122008 PF 00339A',' ',19200,' C2',' D',' ',13,' 454',13,106,' SAN JOSE DE FLORES.FRENTE ROLANDO SUAREZ',4,' Tor.',1,12851),(409,12340,12802,'  26°52\'32.26\"S','  65°18\'38.04\"O',284.00,'2008-12-05',NULL,' 122008 PF 00212A',' ',9600,' C2',' D',' ',13,' ',14,114,' B° LA COOPERATIVA - 264 VIVIENDAS',4,' Tor.',1,12852),(410,12341,12802,'  27° 6\'13.22\"S','  65°34\'42.88\"O',40.00,'2008-11-27',NULL,' 112008 PF 00293A',' ',19200,' C2',' D',' ',13,' 597',13,115,' SOBRE RUTA N° 307. FINCA CARRO (LAS MESADAS)',4,' Rem. ',1,12853),(411,21516,21504,' 26°56\'37.82\"S',' 65°46\'19.38\"O',16.00,'2008-12-10',NULL,' PF00394A 122008',' ',9600,' C4',' R',' SET 4945',13,' 370',16,98,' LOS PANTANOS.FINAL LINEA M/T.',4,' Rem.  A partir del 14-05-09 sale por repet SET 4945. El 14-02-11 se cambió bandeja completa. El viejo analizador es el 383746058-67608.',1,22028),(412,20502,20480,' 26°38\'51.97\"S',' 65°58\'27.50\"O',70.00,'2019-09-05',NULL,' PF00363 092019',' ',9600,' C7',' R',' SET 10293',13,' 361',12,116,' Ruta 357 - Limite con Santa María',4,' ',1,21014),(413,12344,12802,'  27° 9\'43.71\"S','  65°31\'32.55\"O',28.00,'2008-12-03',NULL,' 122008 PF 00215A',' ',19200,' C2',' D',' ',13,' 389',13,99,' VILLA BRAVA - FTE CARLOS ARAGON EX 2377',4,' Tor.',1,12856),(414,20493,20480,' ',' ',100.00,'2009-05-27',NULL,' 052009 PF 00192A',' ',19200,' C7',' R',' Ampimpa',13,' ',12,91,' RUTA N°307 Y ENTRADA A AMAICHA (trasladado)',4,' Tor. No existe en SCADA',1,21005),(415,12346,NULL,' ',' ',5.00,'2008-12-03',NULL,' ',' ',19200,' C2',' D',' ',13,' ',17,117,' MIGUEL A LEGUIZAMON',4,' Rem. ',1,12858),(416,12347,NULL,' ',' ',315.00,'2008-11-28',NULL,' 112008 PF 00126A',' ',19200,' C2',' D',' ',13,' ',17,68,' FLIA LAZARTE - LAS CEJAS',4,' Rem.',1,12859),(417,12348,12800,' 27° 5\'58.82\"S',' 65°26\'43.32\"O',12.00,'2008-11-27',NULL,' ',' ',9600,' C2',' D',' ',13,' ',18,101,' SAN GABRIEL FLIA.  MARTINO',4,' Rem. ',1,12860),(418,12349,NULL,' ',' ',42.00,'2008-12-09',NULL,' ',' ',19200,' C2',' D',' ',13,' ',18,101,' PAKING EL GUAYAL S.A. ULTIMA SET',4,' Tor.',1,12861),(419,12350,NULL,' ',' ',295.00,'2008-12-15',NULL,' 122008 PF 00218A',' ',9600,' C2',' D',' ',13,' ',14,114,' Bº COLONIA IV SAN PABLO',4,' Tor.',1,12862),(420,20494,20480,' ',' ',125.00,'2009-05-28',NULL,' ',' ',19200,' C7',' R',' SET 10293',13,' ',20,118,' ESCUELA',4,' Tor. ',1,21006),(421,20495,20480,'  26°21\'22.34\"S','  66° 1\'40.47\"O',148.00,'2009-05-28',NULL,' 052009 PF 00029A',' ',9600,' C7',' R',' SET 10293',13,' ',20,118,' CALLE PRINCIPAL EL PICHAO',4,' Por Rpt. Ampimpa.',1,21007),(422,12353,12800,' 27°20\'36.56\"S','  65°18\'36.57\"O',320.00,'2008-11-26',NULL,' 112008 PF 00134A',' ',9600,' C4',' D',' ',13,' ',17,113,' JUÁN IBAÑEZ - SAN ANTONIO',4,' ',1,12865),(423,12354,12802,' 26°55\'25.21\"S','  65°20\'27.25\"O',328.00,'2008-12-05',NULL,' 122008 PF 00210A',' ',9600,' C2',' D',' ',13,' 473',14,93,' PJE. GARIBALDI Y A. BROWN',4,' Tor. ',1,12866),(424,12355,NULL,'  27°26\'7.04\"S',' 65° 7\'43.51\"O',340.00,'2008-11-26',NULL,' 112008 PF 00120A',' ',9600,' C2',' D',' ',13,' 691',17,110,' FLIA. RODRIGUEZ - LA FLORIDA',4,' El 07/12/09 se cambió Circutor por otro serie xxx-xxxx',1,12867),(425,12356,NULL,' ',' ',0.00,'2008-11-27',NULL,' ',' ',19200,' C2',' D',' ',13,' ',18,101,' Bº ELÍAS PEREZ , MORENO Y PJE. SIN NÚMERO',4,' Rem. ',1,12868),(426,12357,NULL,' ',' ',346.00,'2008-12-05',NULL,' 112008 PF 00127A',' ',19200,' C2',' D',' ',13,' ',14,119,' SAN HORACIO',4,' Tor. ',1,12869),(427,12358,NULL,' ',' ',28.00,'2008-11-27',NULL,' ',' ',19200,' C4',' D',' ',13,' ',13,120,' Bº 20 VIVIENDAS - TTE. BERDINA',4,' Rem. ',1,12870),(428,12360,NULL,' ',' ',7.00,'2008-12-02',NULL,' ',' ',19200,' C2',' D',' ',13,' ',17,105,' MACIO RANCHO MEDINA',4,' Rem.',1,12872),(429,21514,21504,'  26°47\'59.02\"S','  65°43\'25.19\"O',170.00,'2008-12-10',NULL,' 122008 PF 00392',' ',9600,' C4',' D',' ',13,' 761',16,108,' RUTA 307 KM 73 LA CABAÑA (REPETIDORA)',4,' Tor.  A partir del 14-05-09 es repetidora',1,22026),(430,20493,20480,' ',' ',100.00,'2017-09-11',NULL,' 052009 PF 00192A',' ',19200,' C7',' R',' SET 10293',13,' 812',12,121,' FÁBRICA DE JAMONES (ex 2502) (real: 2502)',4,' Tor.',1,21005),(431,11392,12288,'  26°54\'33.10\"S',' 65°20\'16.50\"O',320.00,'2022-04-07',NULL,' 042022 PF S/N00396',' ',9600,' C2',' D',' ',13,' ',14,111,' Ingenio Lules',4,' ',1,11904),(432,12319,12288,'  27° 9\'47.42\"S','  65°30\'5.87\"O',320.00,'2019-10-25',NULL,' ',' ',9600,' C4',' D',' ',NULL,' ',13,99,' Rivadavia y Lucas Cordoba',4,' ',1,12831),(433,12369,12288,' 27°14\'39.12\"S',' 65°23\'23.28\"O',320.00,'2014-11-13',NULL,' 112014 PF 00096',' ',9600,' C4',' D',' ',13,' 675',13,123,' QUILMES',4,' ',1,12881),(434,12371,12288,' 26°51\'41.25\"S','  65°16\'55.36\"O',270.00,'2019-08-09',NULL,' PF00362 082019',' ',9600,' C2',' D',' ',13,' 1500',14,124,' OHUANTA',4,' ',1,12883),(435,21515,21504,' ',' ',0.00,'2008-12-10',NULL,' ',' ',19200,' C4',' R',' ',13,' ',16,98,' FRENTE A ISABEL PEÑALVA. (ex 2310)',4,' Rem.  A partir del 14-05-09 sale por repet SET 4945',1,22027),(436,12309,NULL,' ',' ',343.00,'2008-12-05',NULL,' 112008 PF 00119A',' ',19200,' C2',' D',' ',13,' ',14,119,' INGENIO VIEJO - MISKY (ex 791)',4,' Tor.',1,12821),(437,20496,20480,' ',' ',98.00,'2009-05-29',NULL,' ',' ',19200,' C7',' R',' Ampimpa',NULL,' ',12,116,' CENTRAL AMAICHA',4,' Tor. Circutor de 110V. - Deshabilitado. ',1,21008),(438,20501,20480,' 26°35\'23.89\"S',' 65°56\'23.98\"O',105.00,'2017-11-01',NULL,' ',' ',9600,' C7',' R',' Ampimpa',NULL,' ',12,116,' CENTRAL AMAICHA',4,' Nunca entro en funcionamiento. ',1,21013),(439,20498,20480,' 26°35\'23.89\"S',' 65°56\'23.98\"O',105.00,'2017-11-01',NULL,' ',' ',9600,' C7',' R',' Ampimpa',NULL,' ',12,116,' CENTRAL AMAICHA',4,' Nunca entro en funcionamiento. ',1,21010),(440,20500,20480,' 26°35\'23.89\"S',' 65°56\'23.98\"O',105.00,'2017-10-31',NULL,' ',' ',9600,' C7',' R',' Ampimpa',13,' ',12,116,' CENTRAL AMAICHA',4,' Tor. Circutor de 110V.',1,21012),(441,20499,20480,' 26°35\'23.89\"S',' 65°56\'23.98\"O',105.00,'2017-10-31',NULL,' ',' ',9600,' C7',' R',' Ampimpa',13,' ',12,116,' CENTRAL AMAICHA',4,' Tor. Circutor de 110V.',1,21011),(442,20497,20480,' ',' ',165.00,'2009-05-28',NULL,' 271A 5/2009                       ',' ',9600,' C7',' R',' Ampimpa',NULL,' ',NULL,NULL,' PUESTO DE COMPRA',4,' Tor. Circutor de 110V. Por RPT Ampimpa',1,21009),(443,12362,12288,' ',' ',NULL,'2009-07-17',NULL,' 112008 PF 00117A',' ',19200,' C2',' D',' ',NULL,' ',13,106,' AGUA BLANCA - ???  (Agrup 2)',4,' Circutor de 110V.',1,12874),(444,12363,12288,' ',' ',NULL,'2009-07-17',NULL,' ',' ',19200,' C2',' D',' ',NULL,' ',13,106,' AGUA BLANCA - ???  (Agrup 2)',4,' Circutor de 110V.',1,12875),(445,12364,12288,' ',' ',NULL,'2009-07-17',NULL,' ',' ',19200,' C2',' D',' ',NULL,' ',13,106,' AGUA BLANCA - ???  (Agrup 2)',4,' Circutor de 110V.',1,12876),(446,12365,12288,' ',' ',NULL,'2009-07-17',NULL,' ',' ',19200,' C2',' D',' ',NULL,' ',13,106,' AGUA BLANCA - ???  (Agrup 2)',4,' Circutor de 110V.',1,12877),(447,21518,21504,' ',' ',NULL,'2009-07-24',NULL,' ',' ',19200,' C4',' R',' ',NULL,' ',16,108,' TAFI DEL VALLE - CTVALLE 1  (Agrup 5)',4,' Circutor de 110V. Sale por repet SET 4945.',1,22030),(448,21519,21504,' ',' ',NULL,'2009-07-24',NULL,' ',' ',19200,' C4',' R',' ',NULL,' ',16,108,' TAFI DEL VALLE - CTVALLE 2  (Agrup 5)',4,' Circutor de 110V. Sale por repet SET 4945.',1,22031),(449,21520,21504,' ',' ',NULL,'2009-07-24',NULL,' ',' ',19200,' C4',' R',' ',NULL,' ',16,108,' TAFI DEL VALLE - CTVALLE 3  (Agrup 5)',4,' Circutor de 110V. Sale por repet SET 4945.',1,22032),(450,12367,12288,' ',' ',NULL,'2014-03-08',NULL,' ',' ',19200,' C4',' D',' ',NULL,' ',16,108,' ET TAFI DEL VALLE - 133  (Agrup 14)',4,' Circutor de 110V.',1,12879),(451,12368,12288,' ',' ',NULL,'2014-03-08',NULL,' ',' ',19200,' C4',' D',' ',NULL,' ',16,108,' ET TAFI DEL VALLE - 233  (Agrup 14)',4,' Circutor de 110V.',1,12880),(452,NULL,NULL,' ',' ',NULL,NULL,NULL,' ',' ',NULL,' ',' ',' ',NULL,' ',14,93,' ET Lules',4,' ',1,NULL),(453,NULL,NULL,' ',' ',NULL,NULL,NULL,' ',' ',NULL,' C2',' D',' ',NULL,' ',14,96,' BASE VILLA NOUGUÉS C2',4,' Reemplazada el 25-09-17',1,12802),(454,NULL,512,' 26°35\'39.34\"S',' 65°55\'22.38\"O',100.00,NULL,NULL,' ',' ',NULL,' C7',' D',' ',NULL,' 301',12,116,' Sucursal Amaicha - Base Amaicha',4,' Se reemplaza RM 27/04/21',1,12803),(455,NULL,20480,'  26°36\'1.80\"S',' 65°50\'57.20\"O',250.00,NULL,NULL,' ',' ',NULL,' C7',' ',' ',NULL,' ',12,125,' RPT Ampimpa',4,' ',1,21002),(456,14346,14336,' ',' ',NULL,'2009-01-06',NULL,' 012009 PF 00167A',' ',19200,' C1',' D',' ',NULL,' ',21,126,' Roca y Av. Aconquija Y.B. - Municipalidad',5,' Tor.',1,14858),(457,14401,14336,' ',' ',NULL,'2013-01-20',NULL,' 012013 PF 00043',' ',19200,' C1',' D',' ',NULL,' ',21,126,' Av. Aconquija y Remedios de Escalada',5,' ',1,14913),(458,14402,14336,' ',' ',NULL,'2013-01-14',NULL,' 012013 PF 00035',' 092016  PF0309',9600,' C2',' D',' ',NULL,' 391',21,126,' Av. Aconquija y Las Rosas',5,' ',1,14914),(459,14408,14336,' ',' ',NULL,'2013-01-20',NULL,' 012013 PF 00044',' ',19200,' C1',' D',' ',NULL,' ',21,126,' Camino del Perú y Av. Aconquija',5,' cerca de la linea de 13,2. Fuimos sancionados por Seguridad de EDET. ',1,14920),(460,14360,14336,'  26°37\'41.72\"S ',' 65°14\'48.71\"O',330.00,'2017-08-17',NULL,' 012009 PF 00169A',' ',9600,' C9',' D',' ',NULL,' 1013',22,127,' El Cadillal - Cuesta del 25 (ex 1055) (real: 769)',5,' Tor.',1,14872),(461,19511,19456,' ',' ',NULL,'2009-01-06',NULL,' ',' ',9600,' C6',' R',' ',NULL,' ',21,128,' San Javier Calle 7',5,' Tor. Ok. El 06-05-09 cambiada a C6.',1,20023),(462,14364,14336,'  26°44\'26.45\"S ',' 65°15\'28.21\"O',20.00,'2017-08-19',NULL,' ???',' ',9600,' C23',' D',' ',NULL,' ',22,129,' Mendoza y Congreso (ex 2495) (real: 1055)',5,' Tor.',1,14876),(463,14348,12801,'   26°46\'21.21\"S ','  65°12\'54.04\"O',240.00,'2009-01-07',NULL,' 012009 PF 00260A',' ',9600,' C1',' D',' ',NULL,' ',22,130,' Ruta 9 frente al Arsenal Vº Nueva Italia',5,' Tor.',1,14860),(464,14349,12801,' ',' ',145.00,'2009-01-06',NULL,' 012009 PF 00179A',' ',9600,' C23',' D',' ',NULL,' 535',22,129,' Uttinger y 9 de Julio T.V.',5,' Tor. El 17-04-13 se cambió a C23.',1,14861),(465,14350,12801,'  26°48\'51.88\"S ','  65°17\'10.18\"O',20.00,'2009-01-07',NULL,' 012009 PF 00178A',' ',9600,' C23',' D',' ',NULL,' ',21,126,' Acasuso y Av. Aconquija Y.B.',5,' Tor.',1,14862),(466,14403,14336,' ',' ',NULL,'2013-01-14',NULL,' 012013 PF 00036',' ',19200,' C1',' D',' ',NULL,' ',21,126,' Salas y Valdez y Honduras (Canal 10)',5,' ',1,14915),(467,14351,14336,' 26°43\'55.96\"S','  65°14\'58.53\"O',10.00,'2009-01-06',NULL,' 012009 PF 00361A',' ',9600,' C23',' D',' ',NULL,' 664',22,129,' Pueyrredon y Prof. Marino T.V.',5,' Tor. El 31-05-12 se cambió a C23.',1,14863),(468,14352,14336,'  26°44\'6.96\"S ',' 65°16\'1.60\"O',10.00,'2009-01-07',NULL,' 012009 PF 0358A',' ',9600,' C23',' D',' ',13,' 532',22,129,' Santa Fe y Paraguay T.V.',5,' Tor. El 31-05-12 se cambió a C23.',1,14864),(469,28685,28672,'   26°30\'3.27\"S ','  65°24\'20.89\"O',130.00,'2009-08-21',NULL,' 082009 PF 00261A',' ',9600,' C9',' R',' SET 7113',13,' 787',22,131,' Vipos',5,' Tor. Se xomunica por SET 7113 desde 5/6/18',1,29197),(470,14404,14336,'   26°48\'55.13\"S ','  65°16\'49.75\"O',245.00,'2013-01-14',NULL,' 012013 PF 00037',' ',19200,' C1',' D',' ',13,' ',21,126,' Av. Aconquija y Colombia - Club Sionista',5,' ',1,14916),(471,28690,28672,'   26°49\'0.90\"S ','  65°17\'36.25\"O',250.00,'2009-01-06',NULL,' 370A 012009',' ',9600,' C6',' R',' SET 566',13,' ',21,126,' Florida 350 - Plazo Marcos Paz',5,' Tor.',1,29202),(472,14355,14336,' 26°26\'40.36\"S',' 65°15\'34.61\"O',184.00,'2009-04-28',NULL,' 459A 042009',' ',9600,' C9',' D',' ',13,' 769',23,132,' La Aguada - TGN',5,' Tor.',1,14867),(473,28682,28672,'  26°48\'40.25\"S ',' 65°21\'57.08\"O',105.00,'2009-01-06',NULL,' 012009 PF 0359A',' ',9600,' C6',' D',' ',13,' 324',21,128,' Camino a Villa Nougues (RPT)',5,' Tor. Ok. El 06-05-09 cambiada a C6. El 31-01-18 cambiada a repetidora por C6 dir.',1,29194),(474,14358,12801,'   26°46\'43.37\"S ','  65°16\'13.25\"O',20.00,'2009-01-07',NULL,' 012009 PF 00258A',' ',9600,' C23',' D',' ',13,' 372',21,133,' A la par de Alcoholes Frau Curva Los Vega',5,' Tor.',1,14870),(475,14405,14336,'  26°48\'32.84\"S ',' 65°17\'40.68\"O',260.00,'2013-01-18',NULL,' 012013 PF 00040',' ',9600,' C1',' D',' ',13,' ',21,126,' Las Lilas y Los Ceibos - Loteo Hill Terán',5,' Se cambió ID por intercambio de radios con SET 6236 durante la instalación.',1,14919),(476,14359,14336,'  26°45\'9.21\"S ','  65°16\'18.30\"O',40.00,'2009-01-16',NULL,' 012009 PF 00257A',' ',9600,' C23',' D',' ',13,' 1044',21,133,' Ruta 315 - Sr. Medina',5,' Tor.',1,14871),(477,14360,14336,' ',' ',NULL,'2009-01-06',NULL,' 012009 PF 00169A',' ',19200,' C1',' D',' ',13,' ',21,126,' Los Tarcos al final - Pozo de Agua (trasladado)',5,' Tor. El 12/03/09 se llevan nuevo gabinete completo, sin tapa. El Circutor es 383801055-72088. El Circutor se debe cambiar porque RTU no baja los registros. Se va a reemplazar por el 383801042-72088. El 383801055-72088 fue entregado al Laboratorio el 03-06-09, por gente de Adm. T. V.',1,14872),(478,14412,14336,' ',' ',355.00,'2008-11-17',NULL,' 112008 PF 00085A',' ',19200,' C2',' D',' ',13,' ',21,126,' (ex 3598 CON)',5,' ',1,14924),(479,14413,14336,'   26°49\'18.64\"S ','  65°16\'33.20\"O',15.00,NULL,NULL,' 052013 PF 00059',' 062021 PF 00382',9600,' C23',' D',' ',13,' 1091',21,126,' Cerámica Marcos Paz',5,' Se reinstalo el 30/6/21 por recibir una descarga eléctrica',1,14925),(480,14420,14336,'  26°49\'13.44\"S ','  65°17\'32.28\"O',250.00,'2016-10-14',NULL,' 102016 PF 00316',' ',19200,' C1',' D',' ',13,' 1022',21,126,' Lamadrid (entre Güemes y San Martín)',5,' Tor.',1,14932),(481,14362,12801,'  26°43\'31.59\"S ',' 65°16\'36.16\"O',115.00,'2009-01-07',NULL,' 012009 PF 00345A',' ',9600,' C23',' D',' ',13,' sin N°',22,129,' Paysandu al final T.V.',5,' Tor. El 31-05-12 se cambió a C23.',1,14874),(482,14406,14336,' ',' ',NULL,'2013-01-20',NULL,' 012013 PF 00041',' ',9600,' C2',' D',' ',13,' ',21,126,' Av. Aconquija y Juan B. Terán - Bolatti',5,' ',1,14918),(483,14410,14336,'   26°48\'44.05\"S ','  65°18\'41.91\"O',233.00,'2013-01-18',NULL,' 012013 PF 00042',' ',19200,' C1',' D',' ',13,' 711',21,126,' Constancio C. Vigil y Rojas Paz',5,' ',1,14922),(484,14363,14336,' ',' ',10.00,NULL,NULL,' ',' ',19200,' C9',' D',' ',13,' ',22,129,' Bº Próspero Mena T.V.',5,' Tor.',1,14875),(485,14364,14336,' ',' ',NULL,'2009-01-07',NULL,' ',' ',19200,' C1',' D',' ',13,' ',21,126,' Acasuso y Brasil Y.B. (trasladado)',5,' Tor.',1,14876),(486,29707,24576,'  26°23\'19.26\"S ','  65°24\'25.80\"O',92.00,'2009-08-21',NULL,' ',' ',9600,' C9',' R',' SET 4223',13,' 588',23,132,' Vialidad (ex 822)',5,' Se comunica por RPT set 4223 - tiene antena de 5 elementos. ',1,30219),(487,14366,14336,'  26°37\'51.13\"S ',' 65°12\'33.33\"O',270.00,'2009-04-28',NULL,' 042009 PF 00262A',' ',9600,' C9',' D',' ',13,' 608',22,127,' Loteo Abad - 2da. SET',5,' Tor.',1,14878),(488,28689,28672,'   26°37\'50.59\"S ','  65°11\'15.17\"O',250.00,'2009-04-27',NULL,' 042009 PF 0306A ',' ',9600,' C6',' D',' SET 566',13,' 1007',22,127,' Paso de las Lanzas frente al pozo OST',5,' Tor.',1,29201),(489,14353,14336,'  26°48\'38.07\"S ',' 65°18\'25.35\"O',40.00,'2014-11-05',NULL,' 102008 PF 00089',' S/N 102014 PF0089',9600,' C23',' D',' ',13,' Sin N°',22,134,' Av. Aconquija y Uruguay',5,' ',1,14865),(490,14369,12801,'  26°41\'29.40\"S ',' 65°16\'26.42\"O',160.00,'2009-01-06',NULL,' 012009 PF 00236A',' ',9600,' C23',' D',' ',13,' 632',22,135,' Pozo de Agua T.V.',5,' Tor. El 01-04-14 se cambió a C23.',1,14881),(491,24590,24576,' ',' ',NULL,NULL,NULL,' ',' ',19200,' C9',' R',' ',13,' ',21,136,' Ruta 340 Km. 15 1/2 (ex 1736)',5,' Tor.',1,25102),(492,14371,12801,'  26°49\'47.93\"S ',' 65°17\'40.16\"O',250.00,'2009-01-06',NULL,' 012009 PF 362A',' ',9600,' C1',' D',' ',13,' 836',21,126,' San Martín - Bº Rosedal - YB',5,' Tor.',1,14883),(493,14372,12801,' ',' ',300.00,'2009-01-07',NULL,' 012009 PF 00254A',' ',9600,' C23',' D',' ',13,' ',22,137,' Constitución al 3700 T.V.',5,' Tor.',1,14884),(494,14373,14336,'   26°49\'31.41\"S ',' 65°16\'35.68\"O',250.00,'2009-02-06',NULL,' 022009 PF 0368A',' ',9600,' C1',' D',' ',13,' 611',21,126,' Catamarca y Heller - YB',5,' Tor.',1,14885),(495,14374,14336,'   26°45\'10.72\"S ',' 65°17\'28.90\"O',60.00,'2009-01-07',NULL,' 012009 PF 00168A',' ',9600,' C23',' D',' ',13,' sin n°',21,133,' La Cavera',5,' Tor.',1,14886),(496,14375,14336,' ',' ',320.00,'2009-01-06',NULL,' 012009 PF 00251A',' ',19200,' C9',' D',' ',13,' 309',22,137,' Los Nogales',5,' Tor.',1,14887),(497,14414,14336,'  26°49\'23.02\"S ',' 65°19\'5.19\"O',240.00,'2013-05-21',NULL,' 052013 PF 00066',' ',9600,' C2',' D',' ',13,' 580',21,126,' Barrio APUNT',5,' ',1,14926),(498,14376,14336,'  26°48\'9.81\"S ',' 65°18\'15.95\"O',230.00,'2009-01-06',NULL,' 241A 1/2009',' ',9600,' C1',' D',' ',13,' sin N|',21,126,' Las Higueritas al 2700 Bº Castillo Y.B.',5,' Tor.',1,14888),(499,14377,12801,' ',' ',40.00,'2009-01-07',NULL,' 012009 PF 00194A',' ',9600,' C23',' D',' ',13,' 740',21,133,' Bº Vial II - Villa Carmela',5,' Tor.',1,14889),(500,14415,14336,'  26°45\'21.60\"S ',' 65°14\'17.52\"O',325.00,'2013-05-07',NULL,' 052013 PF 00058',' ',9600,' C23',' D',' ',13,' 596',21,129,' Barrio UTA',5,' ',1,14927),(501,14378,14336,' ',' ',NULL,'2009-01-16',NULL,' 012009 PF 00239A',' ',19200,' C1',' D',' ',13,' ',22,137,' Pasando Citrícola Trápani',5,' Tor. Era el 383801150-72088. Se programó el nuevo el 20/01/09. Este Circutor va a la SET 769, y no sé que tiene esta SET ahora.',1,14890),(502,14380,12801,'  26°44\'24.49\"S ',' 65°13\'6.32\"O',280.00,'2009-01-07',NULL,' 012009 PF 00356A',' ',9600,' C23',' D',' ',13,' 752',22,137,' Ruta 9 a 100 mts. de Pampac',5,' Tor.',1,14892),(503,22543,22528,' ',' ',60.00,'2009-08-18',NULL,' 233A 4/2009                         ',' ',9600,' C9',' R',' ',13,' S/N',24,139,' Hualinchay  Km. 12,6 (ex 2351)',5,' Tor. Se comunica por REP San Pedro. ',1,23055),(504,14382,12801,'  26°43\'23.90\"S ',' 65°15\'7.19\"O',195.00,'2009-01-06',NULL,' 012009 PF 00354A',' ',9600,' C23',' D',' ',13,' 467',22,129,' Bº Dipos - Alsina y Araoz T.V.',5,' Tor.',1,14894),(505,14383,12801,'   26°14\'41.64\"S ','  65°19\'57.03\"O',166.00,'2009-04-30',NULL,' 042009 PF 00175A',' ',19200,' C9',' D',' ',13,' S/N',23,140,' El Simbolar Escuela',5,' Tor.',1,14895),(506,22539,22528,' ',' ',NULL,'2009-08-18',NULL,' 052009 PF 00230A',' ',19200,' C9',' R',' ',13,' ',24,141,' Camino a Las Tipas, Granja Ecológica',5,' Tor.',1,23051),(507,14416,14336,' ',' ',NULL,'2013-05-09',NULL,' 052013 PF 00061',' ',19200,' C23',' D',' ',13,' ',21,126,' Colón al 2000 esq. Irigoyen (trasladado)',5,' ',1,14928),(508,14385,14336,' ',' ',240.00,'2009-01-07',NULL,' 012009 PF 00165A',' ',9600,' C1',' D',' ',13,' ',21,126,' Bº Nicolás Avellaneda III',5,' Tor.',1,14897),(509,14386,14336,' ',' ',10.00,'2009-01-06',NULL,' 012009 PF 00349A',' ',19200,' C9',' D',' ',13,' ',22,135,' José Colombres 2da. Cdra. T.V.',5,' Equipo cerca de la linea 20/5/22',1,14898),(510,14387,14336,'  26°29\'51.77\"S ',' 65°12\'51.92\"O',194.00,'2009-04-28',NULL,' 042009 PF 00173A',' ',9600,' C9',' D',' ',13,' 573',22,142,' Última Set',5,' Tor.',1,14899),(511,14388,14336,' ',' ',106.00,'2009-04-27',NULL,' 042009 PF 00263A',' ',9600,' C9',' D',' ',13,' 773',22,143,' Entrada a Yerba Buenita',5,' Tor.',1,14900),(512,23564,23552,'  26° 6\'3.54\"S ','  65°18\'1.44\"O',170.00,'2009-10-15',NULL,' 102009 PF 00176A',' ',9600,' C11',' R',' SET 4251',13,' ',23,144,' Escuela El Brete',5,' Tor.',1,24076),(513,14390,14336,'   26°12\'28.84\"S ','  65°17\'33.64\"O',172.00,'2009-04-30',NULL,' 042009 PF 00421A',' ',19200,' C11',' D',' ',13,' 733',23,145,' Las Arcas',5,' Tor.',1,14902),(514,14391,14336,'  26°46\'10.28\"S ',' 65°14\'2.48\"O',NULL,'2009-01-07',NULL,' ',' ',19200,' C9',' D',' ',13,' ',22,130,' Villa Las Flores - Entr. Hielos Bubi',5,' Tor. El 13-03-09 la reinstalaron con circ 383801113-72088',1,14903),(515,22540,22528,' ',' ',190.00,'2009-09-23',NULL,' 052009 PF 00229A',' ',9600,' C9',' R',' ',13,' 301',24,146,' Chulcas - Perez Carmona',5,' Tor. Comunicación por RPT San Pedro. ',1,23052),(516,14393,14336,'  26°31\'9.66\"S ','  65°14\'49.13\"O',180.00,'2009-04-27',NULL,' 042009 PF 0412A',' ',9600,' C9',' D',' ',13,' 598',22,142,' Ticucho',5,' Tor.',1,14905),(517,29706,29696,'  26°23\'37.98\"S','  65°17\'56.70\"O',272.00,'2009-08-21',NULL,' 042013 PF 00048R',' ',9600,' C9',' D',' ',13,' ',23,132,' Camino a Chuscha La Higuera (ex 1090) RPT',5,' Tor. El 09-02-18 cambiada a repetidora por C9 dir paa SET 1107',1,30218),(518,22542,22528,'  26°20\'45.83\"S ',' 65°16\'51.51\"O',310.00,'2009-04-28',NULL,' 308A 4/2009',' ',9600,' C9',' D',' ',13,' Sin N°',23,147,' Benjamín Paz - Derivación a Pozo Largo',5,' Se comunica por RPT S. Pedro 29/07/2021',1,23054),(519,23562,23552,'  26° 7\'20.30\"S ','  65°17\'39.66\"O',172.00,'2009-04-30',NULL,' 042009 PF 00174A',' ',9600,' C11',' D',' ',13,' 588',23,148,' El Tala - Límite - Repetidora',5,' Tor. Repetidora para SET2821.',1,24074),(520,14396,14336,'  26°18\'1.21\"S ',' 65°15\'42.03\"O',176.00,'2009-04-30',NULL,' PF00466A 042009',' ',9600,' C9',' D',' ',13,' 594',23,149,' El Unquillal',5,' Tor.',1,14908),(521,14397,12801,'  26°42\'13.63\"S ',' 65°15\'48.81\"O',170.00,'2009-01-06',NULL,' 102009 PF 00235A',' ',9600,' C23',' D',' ',13,' 583',22,135,' Camino al Viaducto. ',5,' Tor.',1,14909),(522,14357,14336,'  26°47\'39.84\"S ',' 65°28\'41.04\"O',130.00,NULL,NULL,' ',' ',9600,' C2',' D',' ',13,' sin n°',22,143,' 2ª Set pasando autocamping Río Grande (ex 614)',5,' Tor. Se cambió a monofásico . 22/10/22 se cambia a Trifásico.',1,14869),(523,14398,14336,' ',' ',NULL,'2009-04-27',NULL,' 042009 PF 234',' ',19200,' C9',' D',' ',13,' 608',22,127,' Camino al Viaducto. ',5,' Tor.',1,14910),(524,24587,24576,'  26°28\'6.47\"S ','  65°34\'53.81\"O',240.00,'2009-08-18',NULL,' 082009 PF 00157A',' ',19200,' C9',' R',' Morado',13,' ',24,150,' A 41 Km. Del Reconectador de Hualinchay - Rodeo Grande',5,' Tor.',1,25099),(525,14399,14336,'   26°11\'38.63\"S ','  65°13\'4.12\"O',240.00,'2017-11-27',NULL,' 112017 PF 00343',' ',9600,' C11',' D',' ',13,' 586',NULL,NULL,' (NUEVO)',NULL,' Tor.',1,14911),(526,14407,14336,'  26°48\'40.68\"S ',' 65°17\'43.49\"O',240.00,'2013-01-23',NULL,' 012013 PF 00045',' ',9600,' C2',' D',' ',13,' 392',21,126,' Lobo de la Vega 150',5,' Se cambió ID por intercambio de radios con SET 670 durante la instalación.',1,14917),(527,14409,14336,' ',' ',96.00,'2013-01-15',NULL,' 012013 PF 00034',' ',9600,' C9',' D',' ',13,' Sin N°',NULL,NULL,' Los Planchones',5,' ',1,14921),(528,14392,14336,' ',' ',NULL,'2017-09-06',NULL,' ',' ',19200,' C9',' D',' ',13,' 1045',22,132,' (ex 1317 CON) (real: 1293 MON)',5,' ',1,14904),(529,14379,14336,' ',' ',NULL,'2009-01-07',NULL,' 012009 PF 00252A',' ',19200,' C1',' D',' ',13,' ',22,137,' Finca Santa Clara (ex 2245)',5,' Tor. El 19-11-2010 trajeron un Circutor para cambiar. El No serie del nuevo es 383021018, de 220Vca.',1,14891),(530,14417,14336,' ',' ',NULL,'2013-05-11',NULL,' 012013 PF 00063',' ',19200,' C2',' D',' ',13,' ',21,129,' ',5,' ',1,14929),(531,14421,14336,'   26°48\'2.75\"S ',' 65°17\'54.93\"O',232.00,'2017-11-27',NULL,' 112017 PF 00340',' ',9600,' C2',' D',' ',13,' sin N°',21,129,' Av. Presidente Peron - UNSTA',5,' ',1,14933),(532,14418,14336,' ',' ',NULL,'2013-05-09',NULL,' 052013 PF 00060',' ',19200,' C23',' D',' ',13,' ',21,126,' Alfredo Guzmán y 9 de Julio',5,' ',1,14930),(533,28684,28672,' ',' ',NULL,'2018-03-23',NULL,' 112008 PF 00094A',' ',9600,' C9',' D',' ',13,' 1049',22,132,' (ex 1328 CON) (real: 1317 CON)',5,' Se hizo repetidora para SET 482.',1,29196),(534,15401,15360,' 26°47\'1.90\"S',' 65°14\'17.41\"O',NULL,'2017-07-21',NULL,' 072017 PF 00333',' ',19200,' GP',' ',' ',13,' IMEI 861001003644404',21,126,' Lomas de Tafí',5,' Tor.',1,15913),(535,14411,14336,' ',' ',NULL,'2013-01-20',NULL,' 012013 PF 00046',' ',9600,' C1',' D',' ',13,' Sin N°',21,126,' Av. Aconquija y F. Rossi',5,' ',1,14923),(536,14370,14336,'   26°47\'17.04\"S ',' 65°15\'40.75\"O',240.00,'2017-08-16',NULL,' ???',' ',9600,' C1',' D',' ',13,' 619',22,133,' Bo. San Expedito - Cevil Redondo (ex 1181 CON) (real: nuevo)',5,' Tor.',1,14882),(537,14367,14336,'  26°46\'53.43\"S ',' 65°14\'34.29\"O',350.00,'2009-01-07',NULL,' 042013 PF 00049R',' ',9600,' C23',' D',' ',13,' 588',22,129,' Diagonal y Roca T.V. (ex 1166)',5,' Tor. El 19-04-11 se cambió a C1. El 15-02-12 se cambió a C2.',1,14879),(538,14423,14336,'  26°46\'4.62\"S ','  65°14\'29.38\"O',NULL,'2021-10-07',NULL,' PF00392 102021',' ',9600,' C23',' D',' ',13,' Sin N°',NULL,NULL,' ',3,' ',1,14935),(539,14419,14336,'  26°46\'39.39\"S ',' 65°14\'17.27\"O',340.00,'2013-05-07',NULL,' 112008 PF 00096A',' ',9600,' C23',' D',' ',13,' 533',21,126,' Lomas de Tafí (ex 2298 CON)',5,' El 27-03-14 se configuró un analizador para cambiar el que estaba ahí. Num. serie 383228033. Lo retiró gente de la Administración.',1,14931),(540,14361,14336,' ',' ',NULL,'2017-08-11',NULL,' ???',' ',19200,' C23',' D',' ',13,' ',22,129,' Salta y San Juan (ex 769) (real: nuevo)',5,' Tor.',1,14873),(541,14347,14336,' ',' ',NULL,'2014-08-02',NULL,' 082014 PF 00088',' ',9600,' C23',' D',' ',13,' ',22,129,' Loma Linda',5,' ',1,14859),(542,15402,15360,' 26°49\'35.82\"S',' 65°19\'19.19\"O',NULL,'2017-07-21',NULL,' 072017 PF 00333',' ',9600,' GP',' ',' ',13,' IMEI 861001003648892',21,126,' Las Jarillas',5,' Tor.',1,15914),(543,NULL,NULL,' ',' ',NULL,NULL,NULL,' ',' ',NULL,' ',' ',' ',13,' ',NULL,NULL,' ',NULL,' ',1,NULL),(544,14400,14336,'  26°13\'24.37\"S ',' 65°16\'29.05\"O',210.00,'2009-06-26',NULL,' ',' ',19200,' C9',' D',' ',33,' ',23,153,' Ex Ruta 9 - ET Trancas',5,' Tor. Circutor de 110V.',1,14912),(545,NULL,14336,' ',' ',NULL,'2009-08-26',NULL,' ',' ',19200,' C11',' D',' ',NULL,' ',23,153,' Base Trancas',5,' Tor.',1,14848),(546,NULL,22528,' ',' ',NULL,'2009-09-17',NULL,' ',' ',19200,' C9',' D',' ',NULL,' ',24,141,' Repetidora San Pedro',5,' ',1,23050),(551,4115,4096,' 27° 3\'12.55\"S','65° 1\'51.74\"O',310.00,NULL,NULL,'DIGICOM A2011 REC S/N 00045A','*',19200,'Villa Nogues Rebajes','Directo','*',13,'2.0/ 808',25,16,'Agua Dulce',1,'amtena queda a 360°',3,4627),(552,40,NULL,'','',NULL,NULL,NULL,'','',NULL,'','','',NULL,'',NULL,NULL,'x',2,'',3,NULL),(553,38,NULL,'','',NULL,NULL,NULL,'','',NULL,'','','',NULL,'',NULL,NULL,'',NULL,'',3,38),(554,4133,4096,'26°52\'55.50\"S','65°13\'34.66\"O',280.00,'2022-08-22',NULL,'DIGICOM 082022 REC S/N 00453','*',19200,'Tafí Viejo','Repetidora','Ricchio',33,'CC/1064',11,154,'Araujo y Ayacucho',3,'',2,4645),(555,5157,5120,'27° 0\'50.75\"S','64°58\'24.86\"O',5.00,NULL,NULL,'DIGICOM A2011 REC S/N 00484A','',19200,'C5 - Los Ralos','R','Del Este',33,'M /656',26,172,'x',1,'Caja de control adecuada con rele auxiliares para los comandos. ',3,5669),(556,71,NULL,'','',NULL,NULL,NULL,'','',NULL,'','','',NULL,'',NULL,NULL,'x',NULL,'',3,71),(557,4131,4096,' 27°17\'29.00\"S','65°20\'30.60\"O',360.00,NULL,NULL,'Rec S/N00451 - 062022','Nuevo',19200,'Tafí Viejo','Repetidora','Ricchio',13,'R5 CC/1127',17,112,'Frente el Caps de Pampa Mayo',4,'',3,4643),(558,NULL,NULL,'','',NULL,NULL,NULL,'','',NULL,'','','',NULL,'',NULL,NULL,'x',4,'',3,NULL),(559,5,4126,'34697','',26.00,NULL,NULL,'','No corresponde',NULL,'4638','4096','Tafí Viejo',NULL,'',NULL,128,'x',5,'19200',3,2049),(560,59,512,'26°44\'43.48\"S','65°15\'35.31\"O',20.00,NULL,NULL,'DIGICOM A2011 REC S/N 0036A','*',19200,'Tafí Viejo','directo','*',33,'M/705',22,129,'x',5,'',3,571),(561,20,NULL,' 27° 10.644\'S',' 65° 29.550\'O',NULL,NULL,NULL,'','',NULL,'','','',NULL,'',NULL,NULL,'x',4,'',3,NULL),(562,45,NULL,'','',NULL,NULL,NULL,'','',NULL,'','','',NULL,'',NULL,NULL,'x',NULL,'',3,NULL),(563,88,512,'27°11\'6.20\"S',' 65° 6\'39.14\"O',300.00,NULL,NULL,'','',9600,'Ñuñorco','directo','*',33,'',27,173,'Rura 9',1,'',3,526),(564,NULL,NULL,'','',NULL,NULL,NULL,'','',NULL,'','','',NULL,'',NULL,NULL,'',NULL,'',2,NULL),(565,NULL,NULL,'','',NULL,NULL,NULL,'','',NULL,'','','',NULL,'',NULL,NULL,'x',NULL,'',3,NULL),(566,NULL,37,'4264','',26.00,NULL,NULL,'','',NULL,'549','512','COD - Base',NULL,'',11,155,'x',3,'19200',3,37),(567,4129,4096,'26°47\'40.54\"S',' 65°14\'40.14\"O',230.00,'2022-04-01',NULL,'REC S/N00394 -042022','Nuevo',38400,'Tafí Viejo','Repetidora','Ricchio',13,'1108',28,155,'Av. America y Mexico',3,'Placa RTU de las cuadradas. 11/04/22 Pruebas correctas de telecomando. ',3,4641),(568,2050,2048,'26°48\'51.68\"S','65°10\'51.20\"O',NULL,NULL,NULL,'REC0035A A2011','',19200,'COD','direto','no aplica',13,'Vieja/Grande. ',11,155,'x',3,'',3,2562),(569,54,512,' 26°52\'24.99\"S',' 65°12\'49.95\"O',265.00,NULL,NULL,'','',NULL,'Ñuñorco','Directo','no aplica',13,'',29,175,'x',3,'',3,566),(570,54,NULL,'','',NULL,NULL,NULL,'','',NULL,'','','',NULL,'',NULL,NULL,'',NULL,'',3,NULL),(571,4119,4096,'26°51\'9.20\"S',' 65°14\'55.45\"O',270.00,NULL,NULL,'','',9600,'Tafí Viejo','Repetidora','Ricchio',13,'',11,155,'Lidoro Quinteros y Olleros ',3,'',3,4631),(572,43,NULL,'','',NULL,NULL,NULL,'','',NULL,'','','',NULL,'',NULL,NULL,'x',4,'',3,NULL),(573,42,512,' 27° 2\'38.42\"S','65°25\'30.82\"O',20.00,NULL,NULL,'REC S/N0151A - A/2011','*',19200,'COD','Repetidora','Villa Nogues',13,'Vieja / Grande',13,101,'x',4,'Señalizacion de 110Vca. ',3,554),(574,3098,3072,' 27°21\'24.60\"S',' 65°35\'8.90\"O',350.00,NULL,NULL,'REC S/N0162A - A/2011','',NULL,'Concepción','Directo','no aplica',NULL,'RM B M 1062',7,52,'x',2,'El dia 25/01/2023 fue reinstalada la caja de control',3,3610),(575,3089,NULL,'','',NULL,NULL,NULL,'','',NULL,'','','',NULL,'',NULL,NULL,'',NULL,'',3,NULL),(576,68,512,'27° 4\'52.61\"S','65°24\'42.22\"O',300.00,'2021-05-12',NULL,'REC S/N00377 - 052021','Nuevo. ',NULL,'Ñuñorco','Directo','',NULL,'',13,101,'Famailla',4,'12/08/2021 SE cambio a canal ñuñorco. ',3,580),(577,63,NULL,'','',NULL,NULL,NULL,'','',NULL,'','','',NULL,'',NULL,NULL,'x',5,'',3,NULL),(578,16,512,' 26° 51.711\'S',' 65° 5.551\'O',NULL,NULL,NULL,'REC A/2011 - 424A','',NULL,'Los Ralos','D','',13,'',1,15,'Colmbres',1,'',3,528),(579,23,512,' 26° 54.629\'S',' 65° 6.232\'O',270.00,NULL,NULL,'','',19200,'Ñuñorco','D','*',13,'',25,15,'Ruta 302',1,'',3,535),(580,3082,NULL,'','',NULL,NULL,NULL,'','',NULL,'','','',NULL,'',NULL,NULL,'x',NULL,'',3,3082),(581,76,NULL,'','',NULL,NULL,NULL,'','',NULL,'','','',NULL,'',NULL,NULL,'x',1,'',3,NULL),(582,NULL,NULL,'','',NULL,NULL,NULL,'','',NULL,'','','',NULL,'',NULL,NULL,'x',1,'',3,NULL),(583,1032,1024,'26°35\'45.77\"S','65°16\'44.48\"O',145.00,NULL,NULL,'Rec00180A A/2011','',9600,'B. Cuesta del 25','directo','',33,' M 2,0 / 809',23,157,'x',5,'RTU de 110Vca',3,1544),(584,66,3072,' 27°25\'36.70\"S','65°16\'20.96\"O',325.00,NULL,NULL,'','',19200,'Ñuñorco','Directo','',33,'RM A M2.0',NULL,NULL,'x',2,'',3,578),(585,6155,NULL,'','',NULL,NULL,NULL,'','',NULL,'','','',NULL,'',NULL,NULL,'x',NULL,'',3,6155),(586,18,NULL,'','',NULL,NULL,NULL,'','',NULL,'','','',NULL,'',NULL,NULL,'',NULL,'',3,18),(587,74,512,'26°46\'2.33\"S',' 65°13\'1.46\"O',315.00,NULL,NULL,'No tiene','*',19200,'Tafí Viejo','Directo','*',13,'Sin Modificar/1042',22,129,'Rura 9 Frente al Arsenal',5,'',3,586),(588,5159,5120,' 26°29\'22.95\"S','64°44\'17.56\"O',240.00,NULL,NULL,'','',NULL,'Los Ralos','Repetidora','Del Este',NULL,'',NULL,NULL,'',1,'',3,5671),(589,5131,NULL,'','',NULL,NULL,NULL,'','',NULL,'','','',NULL,'',NULL,NULL,'x',1,'',3,NULL),(590,64,NULL,'','',NULL,NULL,NULL,'','',NULL,'','','',NULL,'',NULL,NULL,'x',1,'',3,64),(591,79,591,'','27° 3\'4.97\"S',65.00,NULL,NULL,'','',NULL,'512','Ñuñorco','directo',NULL,'19200',18,101,'x',4,'',3,79),(592,19,NULL,' 26° 59.983\'S',' 65° 16.400\'O',NULL,NULL,NULL,'','',NULL,'','','',NULL,'',NULL,NULL,'x',1,'',3,NULL),(593,NULL,NULL,'','',NULL,NULL,NULL,'','',NULL,'','','',NULL,'',NULL,NULL,'x',1,'',3,NULL),(594,3083,3072,'26°50\'41.20\"S','65°15\'37.70\"O',260.00,NULL,NULL,'','',19200,'Ñuñorco','directo','No aplica',13,'M 2.0 / 540',11,158,'Malabia y Pje Lugone',3,'Se subio con varquilla 24/05/2022',3,3595),(595,33,NULL,'','',NULL,NULL,NULL,'','',NULL,'','','',NULL,'',NULL,NULL,'x',2,'',3,NULL),(596,30,NULL,'','',NULL,NULL,NULL,'','',NULL,'','','',NULL,'',NULL,NULL,'x',2,'',3,NULL),(597,NULL,NULL,'','',NULL,NULL,NULL,'','',NULL,'','','',NULL,'',NULL,NULL,'',NULL,'',3,NULL),(598,4130,4096,'26°47\'59.86\"S','65°13\'51.67\"O',240.00,'2022-04-08',NULL,'REC S/N00397 -042022','*',9600,'Tafí Viejo','Repetidora','Ricchio',13,'1128',11,155,'Pje Holmberg y Sto Cabral',3,'11/04/22 Pruebas correctas de telecomanco.',3,4642),(599,NULL,NULL,'','',NULL,NULL,NULL,'','',NULL,'','','',NULL,'',NULL,NULL,'',NULL,'',3,NULL),(600,11,NULL,'','',NULL,NULL,NULL,'','',NULL,'','','',NULL,'',NULL,NULL,'',NULL,'',3,11),(601,6156,6144,'26° 25 20,46','65° 25 33',45.00,'2021-07-22',NULL,'REC S/N00383 - 072021 ','Nuevo',19200,'C. del 25','Repetidora','Tuquitas',13,'',23,143,'Ruta 341',5,'Se utilizo el gabinete de Rec. Santa Rosa. ',3,6668),(602,NULL,NULL,'27°50\'11.44\"S','65°11\'17.73\"O',340.00,'2022-11-16',NULL,'','',19200,'Ñuñorco','directo','No aplica',13,'',10,75,'',2,'',3,NULL),(603,69,NULL,'','',NULL,NULL,NULL,'','',NULL,'','','',NULL,'',NULL,NULL,'',NULL,'',3,69),(604,46,NULL,'','',NULL,NULL,NULL,'','',NULL,'','','',NULL,'',NULL,NULL,'',2,'',3,NULL),(605,21,NULL,'',' 26°51\'31.19\"S',65.00,NULL,NULL,'','',NULL,'','','',NULL,'',NULL,NULL,'x',1,'',3,21),(606,3093,NULL,'','',NULL,NULL,NULL,'','',NULL,'','','',NULL,'',NULL,NULL,'',1,'',3,NULL),(607,82,594,'123994','26°37\'47.09\"S',65.00,NULL,NULL,'','',NULL,'512','COD','Repetidora',NULL,'19200',1,160,'x',1,'sin N°',3,82),(608,26,NULL,'',' 27° 19.500\'S',65.00,NULL,NULL,'','',NULL,'','','',NULL,'',NULL,NULL,'x',4,'',3,26),(609,35,NULL,'','',NULL,NULL,NULL,'','',NULL,'','','',NULL,'',NULL,NULL,'x',2,'',3,NULL),(610,1036,1024,'26°10\'7.82\"S',' 65°19\'20.16\"O',40.00,NULL,NULL,'','',19200,'Trancas','Repetidora','Rec. Leocadio Paz',33,'',NULL,153,'x',5,'Por RPT Rec Leocadio Paz',3,1548),(611,5141,5120,'26°52\'39.56\"S','64°53\'5.56\"O',350.00,NULL,NULL,'','',9600,'Los Ralos','Repetidora','Del Este',33,'',NULL,NULL,'x',1,'',3,5653),(612,83,512,'26°48\'16.60\"S','65°17\'36.34\"O',260.00,NULL,NULL,'','',19200,'COD Base','Repetidora','Villa Nogues',13,'',21,126,'Higuerita y Lobo de la Vega',5,'',3,595),(613,4124,4096,'26°47\'1.62\"S','65° 7\'15.72\"O',250.00,NULL,NULL,'DIGICOM A2011 REC S/N 00001A','',9600,'Tafí Viejo','Repetidora','Ricchio',33,'',NULL,NULL,'x',1,'19/08/2021 Se cambio antena de posicion. ',3,4636),(614,85,NULL,'','',NULL,NULL,NULL,'','',NULL,'','','',NULL,'',NULL,NULL,'x',1,'',3,1031),(615,13,NULL,'','',NULL,NULL,NULL,'','',NULL,'','','',NULL,'',NULL,NULL,'',NULL,'',3,NULL),(616,3093,3072,'26°52\'48.90\"S',' 64°58\'54.50\"O',260.00,NULL,NULL,'','',19200,'Los Ralos','directo','*',33,'',NULL,NULL,'x',1,'',3,3605),(617,1034,1024,'26° 9\'1.67\"S',' 65°18\'28.35\"O',160.00,NULL,NULL,'*','Se traslado el  4/08/20',19200,'Trancas','directo','No aplica',33,'',NULL,NULL,'x',5,'Se hizo rep para rec Las Arcas.',3,1546),(618,49,NULL,'','',NULL,NULL,NULL,'','',NULL,'','','',NULL,'',NULL,NULL,'',NULL,'',3,NULL),(619,6,512,' 27°25\'47.03\"S','65°35\'11.40\"O',18.00,'2017-10-05',NULL,'','',38400,'Ñuñorco','Directo','*',13,'',6,59,'x',2,'Placa RTU de las cuadradas',2,518),(620,58,512,' 26°54\'26.22\"S','65°13\'59.50\"O',270.00,NULL,NULL,'','',19200,'Ñuñorco','directo','No aplica',13,'',11,161,'CAPS Los Aguirre- Sobre Ruta 157',3,'',3,570),(621,27,NULL,'','',NULL,NULL,NULL,'','',NULL,'','','',NULL,'',NULL,NULL,'x',2,'',3,NULL),(622,1035,1547,'24085',' 26°42\'4.00\"S',65.00,NULL,NULL,'','',6,'1024','C. del 25','Directo',NULL,'19200',30,137,'x',5,'cc/1162',3,1035),(623,3099,NULL,'','',NULL,NULL,NULL,'','',NULL,'','','',NULL,'',NULL,NULL,'x',2,'',3,NULL),(624,NULL,NULL,'','',NULL,NULL,NULL,'','',NULL,'','','',NULL,'',NULL,NULL,'x',4,'',3,NULL),(625,200,512,'26°48\'38.24\"S','65°18\'15.90\"O',NULL,'2020-12-02',NULL,'','Nuevo',9600,'VN Rebajes','Directo','',13,'',21,126,'Caracas y F. Quiroga',5,'',3,712),(626,24,536,'159630',' 27° 1.062\'S',65.00,NULL,NULL,'23/11/2022','REC 0423A A/2011',NULL,'512','COD Base','Repetidora',NULL,'19200',27,178,'x',1,'De las Grandes',3,24),(627,5153,5120,' 26°36\'45.80\"S','65° 2\'50.80\"O',100.00,NULL,NULL,'REC0022A 122011 ','',19200,'C5 - Los Ralos','Repetidora','Del Este',NULL,'',NULL,NULL,'RP 305',1,'el 21/10 se coloco RM 2,0',3,5665),(628,80,592,'',' 27°16\'10.20\"S',65.00,NULL,NULL,'','',NULL,'512','Ñuñorco','directo',NULL,'19200',17,123,'RP 157',4,'',3,80),(629,13,512,'','',NULL,'2020-11-17',NULL,'','Traslado. ',NULL,'Tafí Viejo','Dorecto','',NULL,'',NULL,126,'Traslado. ',5,'',3,525),(630,3095,512,'26°43\'27.30\"S',' 65°15\'52.44\"O',140.00,NULL,NULL,'REC 31A  A2011','',38400,'C26 - Tafí Viejo','directo','',13,'',22,129,'Camino del norte y Cochabamba',5,'',3,3607),(631,52,NULL,'','',NULL,NULL,NULL,'','',NULL,'','','',NULL,'',NULL,NULL,'x',2,'',3,NULL),(632,3104,NULL,'','',NULL,NULL,NULL,'','',NULL,'','','',NULL,'',NULL,NULL,'x',4,'',2,NULL),(633,5134,NULL,'','',NULL,NULL,NULL,'','',NULL,'','','',NULL,'',NULL,NULL,'x',NULL,'',3,5134),(634,5135,NULL,'','',NULL,NULL,NULL,'','',NULL,'','','',NULL,'',NULL,NULL,'x',1,'',3,NULL),(635,3091,512,'26°27\'33.60\"S',' 65°18\'30.60\"O',165.00,NULL,NULL,'REC0055 062013','',9600,'C. del 25','Directo','*',33,'',NULL,132,'Sobre Ruta 9',5,'',3,3603),(636,3105,3072,'26°44\'55.89\"S',' 65°13\'3.62\"O',300.00,'2016-12-01',NULL,'REC00300 122016','*',9600,'Tafí Viejo','Directo','*',33,'2.0/460',22,129,'x',5,'',3,3617),(637,NULL,5133,'','',NULL,NULL,NULL,'','',NULL,'5133','','',NULL,'',NULL,NULL,'x',1,'',3,NULL),(638,1026,1024,'26°39\'4.41\"S','65°14\'0.05\"O',330.00,NULL,NULL,'00429A A/2011','*',19200,'C del 25','Directo','*',33,'M/375',22,127,'x',5,'02/08/2021 Se cambia de poste. ',3,1538),(639,8,520,'','27°40\'6.48\"S',65.00,NULL,NULL,'','DIGICOM A2011 REC S/N 00044A',NULL,'512','C21- Ñuñorco','Directo',NULL,'',8,163,'x',2,'',3,8),(640,41,NULL,'','',NULL,NULL,NULL,'','',NULL,'','','',NULL,'',NULL,NULL,'',NULL,'',3,NULL),(641,5142,5120,' 27°10\'59.84\"S','65° 6\'47.46\"O',20.00,NULL,NULL,'','',19200,'Los Ralos','Repetidora','Del Este',33,'M2.0/592',27,173,'Ruta 9',1,'',2,5654),(642,5132,5120,'26°49\'18.20\"S','65° 7\'17.50\"O',40.00,'2013-06-01',NULL,'DIGICOM 62013 REC S/N 000052','no aplica',9600,'Los Ralos','Repetidora','Del Este',33,'2.0/624',1,164,'Av. J. D. Peron',1,'',3,5644),(643,87,NULL,'','',NULL,NULL,NULL,'','',NULL,'','','',NULL,'',NULL,NULL,'x',2,'',3,87),(644,5120,5120,'26°44\'14.00\"S','64°49\'39.00\"O',320.00,NULL,NULL,'rec0024R 092012','',19200,'Los Ralos','RPT','Del Este',33,'',NULL,NULL,'x',1,'',3,5649),(645,NULL,5147,'','',NULL,NULL,NULL,'','',NULL,'5147','','',NULL,'',NULL,NULL,'',1,'',3,NULL),(646,5139,NULL,'','',NULL,NULL,NULL,'','',NULL,'','','',NULL,'',NULL,NULL,'x',1,'',3,NULL),(647,3092,3072,'26°44\'55.50\"S','65°13\'8.29\"O',300.00,'2016-12-01',NULL,'REC00299 122016','*',9600,'Tafí Viejo','Dorecto','*',33,'2.0/1035',22,129,'x',5,'',3,3604),(648,5162,5120,' 26°33\'53.44\"S',' 64°49\'51.07\"O',250.00,'2020-12-03',NULL,'','Nuevo',NULL,'Los Ralos','Repetidora','Del Este',NULL,'',NULL,NULL,'Nuevo',1,'',3,5674),(649,NULL,3085,'','',NULL,NULL,NULL,'','',NULL,'','','',NULL,'',23,153,'*',5,'',3,3085),(650,28,NULL,'','',NULL,NULL,NULL,'','',NULL,'','','',NULL,'',NULL,NULL,'x',2,'',3,NULL),(651,34,512,' 26°55\'49.04\"S',' 65°18\'39.20\"O',320.00,'2020-09-30',NULL,'','Ex Arranque villa nogues. C4',19200,'COD','Directo','',NULL,'grande',NULL,NULL,'Arranque villa nogues. C4',4,'Se utilizo el gabinete UTsacado del SP de Guasayan ',3,546),(652,5135,NULL,' 26°58\'21.78\"S',' 65°12\'51.54\"O',40.00,'2020-08-19',NULL,'','estaba puesto de unco',NULL,'Los Ralos','Repetidora','Del Este',NULL,'',NULL,NULL,'estaba en Puesto de Unco',1,'',3,5647),(653,27,3101,'','',NULL,NULL,NULL,'','',NULL,'3101','','',NULL,'',NULL,NULL,'x',1,'',3,NULL),(654,3103,3072,'26°49\'30.95\"S','65°17\'40.18\"O',30.00,NULL,NULL,'','',9600,'Tafí Viejo','Directo','*',13,'',21,126,'San martin y San Luis',5,'',3,3615),(655,NULL,3102,'','',NULL,NULL,NULL,'','',NULL,'3102','','',NULL,'',NULL,NULL,'x',1,'',3,NULL),(656,NULL,NULL,'','',NULL,NULL,NULL,'','',NULL,'','','',NULL,'',NULL,NULL,'',5,'',2,NULL),(657,39,NULL,'','',NULL,NULL,NULL,'','',NULL,'','','',NULL,'',NULL,NULL,'',NULL,'',3,NULL),(658,3090,NULL,'','',NULL,NULL,NULL,'','',NULL,'','','',NULL,'',31,116,'Amaicha',4,'',3,3090),(659,4110,NULL,'','',NULL,NULL,NULL,'','',NULL,'','','',NULL,'',NULL,NULL,'',4,'',3,4110),(660,3091,NULL,'','',NULL,NULL,NULL,'','',NULL,'','','',NULL,'',NULL,NULL,'x',NULL,'',3,NULL),(661,4108,4096,'','',NULL,'2019-08-06',NULL,'','Nuevo',NULL,'Tafí Viejo','Directo','',NULL,'',14,165,'Camino Villa Nogues',4,'Se Hizo repetidora el 2/12/2019',3,4620),(662,5154,5120,'','',30.00,NULL,NULL,'37A Antes 2011','',NULL,'Los Ralos','R','Del Este',NULL,'',NULL,NULL,'',NULL,'',3,5666),(663,166,512,'26°59\'14.96\"S','65° 9\'27.62\"O',180.00,'2012-09-01',NULL,'DIGICOM 092012 REC S/N 00023R','',38400,'Ñuñorco','directo','*',33,'2.0/sin n°',32,20,'Cruce Ruta 9 y Ruta 321',1,'el 24/06/2022 se cambio por ñuñorco. ',3,678),(664,50,NULL,'','',NULL,NULL,NULL,'','',NULL,'','','',NULL,'',NULL,NULL,'',5,'',3,NULL),(665,7,512,'27°50\'27.30\"S','65°11\'20.30\"O',340.00,'2020-08-01',NULL,'DIGICOM 082020 REC S/N 00371','',NULL,'C21- Ñuñorco','Directo','',NULL,'',33,75,'x',2,'',3,519),(666,78,512,'26°47\'36.49\"S',' 65°10\'55.49\"O',320.00,'2020-07-07',NULL,'REC S/N00329 -072017','',9600,'VN Rebajes','Directo','No aplica',13,'2.0',11,166,'Av. San Ramon 440',3,'',3,590),(667,3097,NULL,'','',NULL,NULL,NULL,'','',NULL,'','','',NULL,'',NULL,NULL,'x',2,'',3,NULL),(668,65,NULL,'','',NULL,NULL,NULL,'','',NULL,'','','',NULL,'',NULL,NULL,'x',NULL,'',3,NULL),(669,4112,4096,'26°49\'1.36\"S','65°18\'11.44\"O',220.00,NULL,NULL,'DIGICOM A2011 REC S/N 0432A','*',19200,'Base tafi Viejo','Repetidora','Ricchio',13,'M / 728',21,126,'Solano Vera y Cristobal Colón',5,'',3,4624),(670,3096,3608,'',' 27° 7\'0.67\"S',65.00,NULL,NULL,'','',NULL,'3072','Ñuñorco','Directo',NULL,'19200',13,115,'Ruta 307',4,'',3,3096),(671,NULL,NULL,'','',NULL,NULL,NULL,'','',NULL,'','','',NULL,'',NULL,NULL,'x',1,'',3,NULL),(672,32,NULL,'','',NULL,NULL,NULL,'','',NULL,'','','',NULL,'',NULL,NULL,'',2,'',3,32),(673,NULL,NULL,'','',NULL,NULL,NULL,'','',NULL,'','','',NULL,'',NULL,NULL,'x',2,'',3,NULL),(674,3094,NULL,'','',NULL,NULL,NULL,'','',NULL,'','','',NULL,'',NULL,NULL,'',NULL,'',3,3094),(675,67,NULL,'','',NULL,NULL,NULL,'','',NULL,'','','',NULL,'',NULL,NULL,'x',NULL,'',3,NULL),(676,5144,5120,'26°33\'59.32\"S','64°33\'16.80\"O',270.00,NULL,NULL,'','',19200,'Los Ralos','repetidora','Del Este',33,'',2,33,'Ruta 336 y Via. ',1,'',3,5656),(677,NULL,NULL,'','',NULL,NULL,NULL,'','',NULL,'','','',NULL,'',NULL,NULL,'',NULL,'',3,NULL),(678,4116,4096,'26°48\'8.51\"S','65°11\'22.19\"O',250.00,'2017-10-01',NULL,'rec00338 102017','*',9600,'Tafí Viejo','Repetidora','Ricchio',13,'RM 2,0 / sin n°',NULL,NULL,'x',3,'',3,4628),(679,164,512,'26°46\'43.98\"S',' 65°10\'59.36\"O',240.00,NULL,NULL,'','',9600,'VN Rebajes','directo','No aplica',13,'RM 2,0 / sin n°',11,167,'B. Soeme',3,'El 21/1/22 se cambio por canal V.N Rebajes.',3,576),(680,NULL,NULL,'','',NULL,NULL,NULL,'','',NULL,'','','',NULL,'',NULL,NULL,'',NULL,'',2,NULL),(681,19982,6,'','42º',17.00,NULL,NULL,'Tor.','',NULL,'R','','13200',NULL,'',1,4,'VILMAR. RUTA Nº 9',1,'',2,19982),(682,70,512,'','',NULL,NULL,NULL,'','',NULL,'ñuñorco','directo ','*',13000,'',14,168,'Sobre Ruta 38 Frente a Arcor. ',4,'',2,582),(683,5179,5120,'26°44\'2.20\"S','65° 1\'44.87\"O',40.00,NULL,NULL,'','',NULL,'Los Ralos','Repetidora','Del Este. ',33,'',1,9,'Finca Mariño - Ruta 304',1,'el 01/04/2022 se cambia a canal los ralos. ',2,5691),(684,84,512,'26°51\'25.24\"S','65°22\'54.03\"O',100.00,'2013-03-01',NULL,'SBC 14 032013','*',NULL,'Los Ralos','Directo','*',13,'2.0/604',14,165,'Ruta 338 - Comisaria de V. Nogues',4,'',2,596),(685,NULL,NULL,'','',NULL,NULL,NULL,'','',NULL,'','','',NULL,'',NULL,NULL,'',NULL,'',2,NULL),(686,NULL,NULL,'','',NULL,NULL,NULL,'','',NULL,'','','',NULL,'',NULL,NULL,'x',NULL,'',2,NULL),(687,NULL,NULL,'','',NULL,NULL,NULL,'','',NULL,'','','',NULL,'',10,75,'taco ralo sobre ruta 38',2,'',2,NULL),(688,5140,5120,'26°48\'42.76\"S',' 65°21\'59.98\"O',70.00,NULL,NULL,'','',NULL,'Los Ralos','Repetidora','Del Este. ',13200,'',22,128,'x',5,'',2,5652),(689,NULL,NULL,'','',NULL,NULL,NULL,'','',NULL,'','','',NULL,'',NULL,NULL,'x',NULL,'',2,NULL),(690,NULL,NULL,'','',NULL,NULL,NULL,'','',NULL,'','','',NULL,'',14,168,'Ruta 38',4,'',2,NULL),(691,38,512,' 27°26\'28.40\"S',' 65°36\'38.20\"O',350.00,'2023-02-22',NULL,'DIGICOM 022023 REC S/N 00458R','',19200,'ñuñorco','Directo','Ñuñorco',NULL,'RM CCR5-N°1129',7,59,'D. French y Martin Miguel de Guemes',2,'',3,550),(692,36,512,' 27°25\'41.60\"S',' 65°36\'19.00\"O',350.00,'2023-02-22',NULL,'DIGICOM 022023 REC S/N 00459R','',19200,'ñuñorco','Directo','Ñuñorco',NULL,'RM CCR5-N°1002',7,59,'Mataderos entre Pje Velez Sarsfield y Virgen del Carmen',2,'',3,548);
/*!40000 ALTER TABLE `configuracion` ENABLE KEYS */;
UNLOCK TABLES;

--
-- Table structure for table `equipos_reb_cab`
--

DROP TABLE IF EXISTS `equipos_reb_cab`;
/*!40101 SET @saved_cs_client     = @@character_set_client */;
/*!50503 SET character_set_client = utf8mb4 */;
CREATE TABLE `equipos_reb_cab` (
  `id_equipo_reconectador` int NOT NULL AUTO_INCREMENT,
  `id_equipo` int NOT NULL,
  `tipo` varchar(15) DEFAULT NULL,
  `nombre` varchar(50) DEFAULT NULL,
  `marca_modelo` varchar(250) DEFAULT NULL,
  `id_sistema` decimal(10,2) DEFAULT NULL,
  `v_seccionador` varchar(50) DEFAULT NULL,
  `distribuidores` varchar(50) DEFAULT NULL,
  PRIMARY KEY (`id_equipo_reconectador`)
) ENGINE=InnoDB DEFAULT CHARSET=utf8mb4 COLLATE=utf8mb4_0900_ai_ci;
/*!40101 SET character_set_client = @saved_cs_client */;

--
-- Dumping data for table `equipos_reb_cab`
--

LOCK TABLES `equipos_reb_cab` WRITE;
/*!40000 ALTER TABLE `equipos_reb_cab` DISABLE KEYS */;
/*!40000 ALTER TABLE `equipos_reb_cab` ENABLE KEYS */;
UNLOCK TABLES;

--
-- Table structure for table `equipos_reconectador`
--

DROP TABLE IF EXISTS `equipos_reconectador`;
/*!40101 SET @saved_cs_client     = @@character_set_client */;
/*!50503 SET character_set_client = utf8mb4 */;
CREATE TABLE `equipos_reconectador` (
  `id_equipo_reconectador` int NOT NULL AUTO_INCREMENT,
  `id_equipo` int NOT NULL,
  `tipo` varchar(255) NOT NULL,
  `nombre` varchar(255) NOT NULL,
  `marca_modelo` varchar(255) NOT NULL,
  `id_sistema` int NOT NULL,
  `v_seccionador` int NOT NULL,
  `distribuidor` varchar(255) NOT NULL,
  `seccionador` varchar(255) NOT NULL,
  `piquete` varchar(60) DEFAULT NULL,
  `secc` varchar(30) DEFAULT NULL,
  PRIMARY KEY (`id_equipo_reconectador`),
  KEY `id_equipo` (`id_equipo`)
) ENGINE=InnoDB DEFAULT CHARSET=utf8mb4 COLLATE=utf8mb4_0900_ai_ci;
/*!40101 SET character_set_client = @saved_cs_client */;

--
-- Dumping data for table `equipos_reconectador`
--

LOCK TABLES `equipos_reconectador` WRITE;
/*!40000 ALTER TABLE `equipos_reconectador` DISABLE KEYS */;
/*!40000 ALTER TABLE `equipos_reconectador` ENABLE KEYS */;
UNLOCK TABLES;

--
-- Table structure for table `equipos_seccionador`
--

DROP TABLE IF EXISTS `equipos_seccionador`;
/*!40101 SET @saved_cs_client     = @@character_set_client */;
/*!50503 SET character_set_client = utf8mb4 */;
CREATE TABLE `equipos_seccionador` (
  `id_equipo_seccionador` int NOT NULL AUTO_INCREMENT,
  `id_equipo` int DEFAULT NULL,
  `nombre` varchar(255) DEFAULT NULL,
  `marca_modelo` varchar(255) DEFAULT NULL,
  `id_sistema` int DEFAULT NULL,
  `v_seccionador` float DEFAULT NULL,
  `distribuidor` varchar(255) DEFAULT NULL,
  `piquete` varchar(60) DEFAULT NULL,
  `tipo` varchar(25) DEFAULT NULL,
  PRIMARY KEY (`id_equipo_seccionador`),
  KEY `id_equipo` (`id_equipo`)
) ENGINE=InnoDB AUTO_INCREMENT=144 DEFAULT CHARSET=utf8mb4 COLLATE=utf8mb4_0900_ai_ci;
/*!40101 SET character_set_client = @saved_cs_client */;

--
-- Dumping data for table `equipos_seccionador`
--

LOCK TABLES `equipos_seccionador` WRITE;
/*!40000 ALTER TABLE `equipos_seccionador` DISABLE KEYS */;
INSERT INTO `equipos_seccionador` VALUES (2,551,'Agua Dulce II (Ranch.)-8442   ','FXA',4,NULL,'Rachillo','119290','3'),(3,552,'Alto Verde - Rio Medinas - 726','s',40,NULL,'','','3'),(4,553,'Amberes - Rio seco - 1469','',NULL,NULL,'','','3'),(5,554,'Araujo y Jujuy','F6',4133,NULL,'Jujuy','135148','2'),(6,555,'Arbol Solo (Ranchillos)-8341  ','Adecuada',12,NULL,'Ranchillos','ilegible','3'),(7,556,'Argento - Lules Sur - 3339','',NULL,NULL,'','','3'),(8,557,'Armonia','F6',4131,NULL,'Macio','','3'),(9,558,'Arr. Los Costillas-Simoca','s',NULL,NULL,'','','3'),(10,559,'Arr. San Javier-6921','  ',23,NULL,'33','San Javier','3'),(11,560,'Arr.Reb. C Peru-Tafí 33 kv5760','4C',59,NULL,'tafi 33','142116','3'),(12,561,'Arr.Simoca -QUILMES 33 (12180)','s',20,NULL,'','','3'),(13,562,'Arr.Vª Nougues -Ohuanta - 3213','',45,NULL,'','','3'),(14,563,'Arroyo Mista-ABB Secc 31477','ABB',88,NULL,'Bracho sur','','3'),(15,564,'Av. Colón y Matheu','',NULL,NULL,'','','2'),(16,565,'Av. Colón y Pje. Cabildo','',NULL,NULL,'','','3'),(17,566,'Ave. Aerea (Diza)-4264','',3,NULL,'13,2','Diza','3'),(18,567,'Barrio Congreso','FXA',4129,NULL,'Belgrano','292540','3'),(19,568,'Blas Parera 800 (Peru)-5137   ','FXA',2050,NULL,'Peru','97063','3'),(20,569,'Bo. Alejandro Heredia','F5',54,NULL,'SAT','','3'),(21,570,'Calle 12 y 25 (M. Moreno)-5837','',54,NULL,'','','3'),(22,571,'Canal Sur','ABB',31,NULL,'','','3'),(23,572,'Cap. Cáceres - Ñuñorco -1993  ','s',43,NULL,'','','3'),(24,573,'Casa Rosada - Famaillá - 2470 ','FXA',42,NULL,'Famailla','86199','3'),(25,574,'Ciudacita - Monteagudo - 1135 ','FXA',3098,NULL,'','No tiene','3'),(26,575,'Cliente Providencia -Concep 33','s',3089,NULL,'','','3'),(27,576,'Cloro Tuc','F6',4122,NULL,'Lules','422782','3'),(28,577,'Colomb. y S.Valdez (M.Paz)6802','s',63,NULL,'','','3'),(29,578,'Colombres (Delfín Gallo)-7816 ','FXA',16,NULL,'','39870','3'),(30,579,'Colonia 1 (Ranchillos)-8288   ','FXA',23,NULL,'Ranchillo','no tiene N°','3'),(31,580,'Condori (Lastenia)-7865','',NULL,NULL,'','','3'),(32,581,'CristoRey (9260) Rio de la Pla','s',76,NULL,'','','3'),(33,582,'Delfín Gallo-Las Colonias','s',NULL,NULL,'','','3'),(34,583,'Deriv. a Raco - Trancas 6123  ','FXA',1032,NULL,'Timbó','','3'),(35,584,'Deriv. Atahona - Monteagudo   ','F5',66,NULL,'Monteagudo','','3'),(36,585,'Dis. El Siambón Nuevo-9544','',NULL,NULL,'','','3'),(37,586,'Distrib. Rivadavia-8168','',NULL,NULL,'','','3'),(38,587,'El Arsenal - Dis. Ruta 9 9025 ','F5',74,NULL,'Ruta 9','60330','3'),(39,588,'El Puestito','FXA',5159,NULL,'','','3'),(40,589,'El Puesto -Ranchillos8332- ABB','s',5131,NULL,'','','3'),(41,590,'El Rodeo (La Ramada)-7427','',NULL,NULL,'','','3'),(42,591,'Elias Perez - Lules - 2550','24/08/2022',5,13,'*','2550','3'),(43,592,'Esquina (Bracho Oeste)-2877   ','s',19,NULL,'','','3'),(44,593,'Estación Aráoz','s',NULL,NULL,'','','3'),(45,594,'Fortunata G.3400 (Manant)-2966','F5',3083,NULL,'Manantial','12455','3'),(46,595,'Gastona Norte - Rio Seco -1558','FXA',33,NULL,'','','3'),(47,596,'Gastona Sur - Rio Seco -1612  ','s',30,NULL,'','','3'),(48,597,'Hissen','s',NULL,NULL,'','','3'),(49,598,'Holmberg','ABB',4130,NULL,'Oeste','Sin Numero','3'),(50,599,'Ing. Concepción-Cotella','s',NULL,NULL,'','','3'),(51,600,'La Cartujana Wal Mart 6974','',NULL,NULL,'','','3'),(52,601,'La Comuna','FXA',6156,NULL,'El Siambon','311247','3'),(53,602,'La Iguana','F6',NULL,NULL,'','236503','3'),(54,603,'La Palmera (Cotella)-8016','',NULL,NULL,'','','3'),(55,604,'La Providencia-Con. 33 - 1402 ','s',46,NULL,'','','3'),(56,605,'La Riva (Las Cejas)-8543','21/01/2022',NULL,NULL,'','','3'),(57,606,'La Rotonda (Las Cejas)-10784  ','',3093,NULL,'','','3'),(58,607,'La Tranquita (Timbó)- 5691','31/05/2022',6,13,'*','5691','3'),(59,608,'La Tuna - Rio Seco - 1649','',NULL,NULL,'','','3'),(60,609,'Lamadrid - La Invernada - 96  ','FXA',35,NULL,'','','3'),(61,610,'Las Arcas - El Tala TRA 7040  ','FXA',1036,NULL,'El Tala','272268','3'),(62,611,'Las Cejas - Der. Pereyras','ABB',5141,NULL,'Las Cejas','315556','3'),(63,612,'Las Higueritas (Hig) secc12207','4C',83,NULL,'Higuerita','','3'),(64,613,'Las Piedritas(C. Pozo ) 8102  ','ABB',86,NULL,'Cevil Pozo','83270','3'),(65,614,'Las Salinas (Timbó)- 5648','',NULL,NULL,'','','3'),(66,615,'Las Yungas /Las Yungas S.20071','s',13,NULL,'','','3'),(67,616,'Legumbres','F6',3093,NULL,'Las Cejas','','3'),(68,617,'Leocadio Paz -El Tala TRA 7031','4C',1030,NULL,'El Tala','*','3'),(69,618,'LomasT.1Tafi 13.2 (sec 11125) ','s',49,NULL,'','','3'),(70,619,'Los Agudos','FXA',6,NULL,'','','2'),(71,620,'Los Aguirre (Bella Vista)-2806','4C',58,NULL,'bella Vista','','3'),(72,621,'Los Cordobas - Alpargata 2 -871 ','s',27,NULL,'','','3'),(73,622,'Los Nogales - Timbó 5731','13/06/2022',6,33,'*','5731','3'),(74,623,'Los Sarmientos - Gorriti 604  ','s',3099,NULL,'','','3'),(75,624,'Los Sosas','ABB',NULL,NULL,'','','3'),(76,625,'Malvinas','ABB',523,NULL,'','','3'),(77,626,'Mancopa (Bracho Sur)-3464','23/11/2022',NULL,33,'*','3464','3'),(78,627,'Nuevo P Monti 6033 (Reb.P.Monti)','FXA',5153,NULL,'El Timbo','14395','3'),(79,628,'Pampa Mayo - Macio - 2208','27/09/2022',4,13,'','2208','3'),(80,629,'Peron','F5- Nova',525,NULL,'','','3'),(81,630,'Perú N.y Reconq.(Secc.nº6373) ','F5',3095,NULL,'Roca CTX','92536','3'),(82,631,'Pozo Hondo - Taco Ralo - 494  ','s',52,NULL,'','','3'),(83,632,'Puesto de Compra','s',3104,NULL,'','','2'),(84,633,'Puesto de Uncos Secc 7717','',NULL,NULL,'','','3'),(85,634,'R Los Bulacio (Br. Oest) 12388','F5',5135,NULL,'','','3'),(86,635,'R. Choromoro (Vipos)','ABB',3091,NULL,'Vipo 33','271303','3'),(87,636,'Radio Nacional-Timbó-sec30419','ABB',3105,NULL,'Timbo','70066','3'),(88,637,'Rapelli Secc. 7350','',NULL,NULL,'','','3'),(89,638,'Reb. El Cadillal -Trancas 6085','4C',1026,13,'Timbó','79221','3'),(90,639,'Reb. La Invernada - 283','21/04/2022',NULL,NULL,'','283','3'),(91,640,'Reb. Los Ralos 8669 (L Cejas) ','s',41,NULL,'','','3'),(92,641,'Rec Deriv Mista 8012 Bra Sur','FXA',5142,NULL,'Bracho Sur','73417','2'),(93,642,'Rec El Cochuchal 8069 CruzAlta','ABB',5132,NULL,'Cruz Alta','128908','3'),(94,643,'Rec Graneros INV33kV 11690','',NULL,NULL,'','','3'),(95,644,'Rec La Virginia-La Ramada12430','FXA',5137,NULL,'La Ramada','253865','3'),(96,645,'Rec. Alderete 33','',NULL,NULL,'','','3'),(97,646,'Rec. Ayacucho (Rivadavia) 8209','s',5139,NULL,'','','3'),(98,647,'Rec. Constitución y Ruta 9 (Timbó 12396)','ABB',3092,NULL,'Timbo','28080','3'),(99,648,'Rec. El Cajon','FXA',5674,NULL,'','','3'),(100,649,'Rec. El Cruce 7092','',1,NULL,'','','3'),(101,650,'Rec. Escaba - Alberdi 3 - 1039','s',28,NULL,'','','3'),(102,651,'Rec. La Bolsa','4C',546,NULL,'Lules Este','','3'),(103,652,'Rec. Los Bulacios ','F5',5647,NULL,'','','3'),(104,653,'Rec. Mons. Díaz','',NULL,NULL,'','','3'),(105,654,'Rec. S. Martín y S. Luis-6722 ','ABB',3103,NULL,' anzorena','','3'),(106,655,'Rec. San Miguel','',NULL,NULL,'','','3'),(107,656,'Rec. Vialidad-Distr Siambón','s',NULL,NULL,'','','2'),(108,657,'Rec.Bulnes (dist.Bulnes) 20228','',39,NULL,'','','3'),(109,658,'Rec.La Loma 8909 Amaicha','26/01/2022',NULL,NULL,'','','3'),(110,659,'Rec.LasCarreras-El Mollar','',NULL,NULL,'','','3'),(111,660,'Rec.Maipú Trancas 33k sec12396','',3091,NULL,'','','3'),(112,661,'Ricchio (RPT)','Nova - F5',4620,NULL,'','','3'),(113,662,'Ruta 306 (Los Bulacios)-2837  ','s',5154,NULL,'Las Cejas','88880','3'),(114,663,'Ruta 9 y 321 (B. Sur) - 12392 ','FXA',5136,NULL,'Bracho Sur','28548','3'),(115,664,'S.Mtín e Ituzain. (B.9  J)6703','',50,NULL,'','','3'),(116,665,'S.P.de Guasayán - T. Ralo-520 ','FXA',7,NULL,'Taco Ralo','','3'),(117,666,'San Ramon','ABB',4626,NULL,'Ruta 305','','3'),(118,667,'Santa Ana - Santa Rosa - 817  ','s',3097,NULL,'','','3'),(119,668,'Santa Rosa (San Javier) 6851  ','s',65,NULL,'','','3'),(120,669,'Solano Vera (Pringles) 6884   ','F5',75,NULL,'Pringles','297020','3'),(121,670,'Sta Lucía - Acheral - 2669','17/02/2023',4,13,'','2669','3'),(122,671,'Taquello-Secc. 8139','s',NULL,NULL,'','','3'),(123,672,'Trinidad - El Ceibo - 1795','',NULL,NULL,'','','3'),(124,673,'Trinidad - Monteagudo - 33188','s',NULL,NULL,'','','3'),(125,674,'Uttinger y M. Pedza-Nuevo','',NULL,NULL,'','','3'),(126,675,'V Carmela (Wall Mart)-10979   ','s',67,NULL,'','','3'),(127,676,'Vía Ruta 336 (Garmendia)-7343 ','FXA',5144,NULL,'Garmendia','','3'),(128,677,'Villa de Leales','',NULL,NULL,'','','3'),(129,678,'Wilde','ABB',15,NULL,'Salvador','15086','3'),(130,679,'B°. Soeme','ABB',4625,NULL,'Soeme','','3'),(131,680,'','',NULL,NULL,'','','2'),(132,681,'SBC Tecotex','',19470,NULL,'','','2'),(133,682,'SBC Lado Sur Arcor EX Bº Papel dis.Mercedes10166','Digicom',70,NULL,'','','2'),(134,683,'La Ramada-Timbo MARIÑO - 9402','Digicom',81,NULL,'Timbo','','2'),(135,684,'SBC Comisaria VN 3222','Digicom',84,NULL,'Villa Nogues','168360','2'),(136,685,'Anill Trancas-Vipos TAPIA 7163','1033',1033,NULL,'','','2'),(137,686,'Se. Vialidad (San Javier)-6925','2052',2052,NULL,'','','2'),(138,687,'Seccionador Taco Ralo 137','3086',3086,NULL,'','','2'),(139,688,'Anillo-San Javier-Ohuanta 6932','Digicom',61,NULL,'','','2'),(140,689,' ','5143',5143,NULL,'','','2'),(141,690,'Tecotex','digicom',NULL,NULL,'Reduccion','','2'),(142,691,'Alimentador Alberdi 2','F6',38,NULL,'','','3'),(143,692,'Alimentador Trinidad','F6',36,NULL,'','','3');
/*!40000 ALTER TABLE `equipos_seccionador` ENABLE KEYS */;
UNLOCK TABLES;

--
-- Table structure for table `equipos_telgecs`
--

DROP TABLE IF EXISTS `equipos_telgecs`;
/*!40101 SET @saved_cs_client     = @@character_set_client */;
/*!50503 SET character_set_client = utf8mb4 */;
CREATE TABLE `equipos_telgecs` (
  `id_equipo_telgecs` int NOT NULL AUTO_INCREMENT,
  `id_equipo` int NOT NULL,
  `configuracion` varchar(255) DEFAULT NULL,
  `t_m` varchar(255) DEFAULT NULL,
  `numero_serie_medidor` varchar(50) DEFAULT NULL,
  `id_modbus` int DEFAULT NULL,
  `placa_radio_modem` varchar(255) DEFAULT NULL,
  `programa_radio_modem` varchar(255) DEFAULT NULL,
  `radio_modem_protegido` varchar(255) DEFAULT NULL,
  `capacidad_rtu` int DEFAULT NULL,
  `nro_set` varchar(15) DEFAULT NULL,
  `codigo_caja` varchar(15) DEFAULT NULL,
  PRIMARY KEY (`id_equipo_telgecs`),
  KEY `id_equipo` (`id_equipo`)
) ENGINE=InnoDB AUTO_INCREMENT=547 DEFAULT CHARSET=utf8mb4 COLLATE=utf8mb4_0900_ai_ci;
/*!40101 SET character_set_client = @saved_cs_client */;

--
-- Dumping data for table `equipos_telgecs`
--

LOCK TABLES `equipos_telgecs` WRITE;
/*!40000 ALTER TABLE `equipos_telgecs` DISABLE KEYS */;
INSERT INTO `equipos_telgecs` VALUES (1,1,' T_500.SET',' ',' 383801189-72088',180,' Modificada',' RM2RMX22.HEX',' SI',800,' 85',' XF'),(2,2,' T_250.SET',' ',' 383746055-67608',181,' sin modificar',' RM2RMX22.HEX',' SI',800,' 104',' MH'),(3,3,' T_500.SET',' T',' 383746165-67608',491,' ',' RM2RMX22.HEX',' SI',1014,' 199',' OO'),(4,4,' T_500.SET',' ',' 383746188-67608',182,' modificada 2.0',' RM2RMX22.HEX',' si',800,' 424',' MD'),(5,5,' T_250.SET',' ',' 383801006-72088',183,' ',' ',' ',1014,' 455',' OO'),(6,6,' M_150.SET',' ',' 383801019-72088',184,' ',' ',' ',1014,' 557',' AC'),(7,7,' T_500.SET',' ',' 383801077-72088',185,' modificada',' RM2RMX22.HEX',' si',800,' 588',' ON'),(8,8,' T_500.SET',' ',' 383801010-72088',186,' modificada',' RM2RMX22.HEX',' si',800,' 617',' SO'),(9,9,' T_500.SET',' ',' 383801145-72088',187,' modificada 2.0',' RM2RMX22.HEX',' si',800,' 725',' UI'),(10,10,' T_500.SET',' ',' 383801130-72088',188,' ',' ',' ',1014,' 748',' UF'),(11,11,' T_500.SET',' ',' 383801079-72088',104,' modificada 2.0',' RM2RMX22.HEX',' si',800,' 780',' RM'),(12,12,' ',' ',' 383746066',557,' ',' ',' si',800,' 813',' '),(13,13,' T_150.SET',' ',' 383801073-72088',189,' modificada',' RM2RMX22.HEX',' SI',1014,' 940',' BL'),(14,14,' T_500.SET',' ',' 383801001-72088',190,' modificada',' RM2RMX22.HEX',' si',800,' 957',' NA'),(15,15,' ',' T',' 383060148',183,' sin modificar',' RM2RMX22.HEX',' SI',800,' 1145',' GJ'),(16,16,' ',' ',' 383060158',562,' ',' ',' ',800,' 1160',' '),(17,17,' T_150.SET',' ',' D15770581',191,' Modificada',' RM2RMX22.HEX',' si',800,' 1412',' BC'),(18,18,' T_150.SET',' ',' 383746187-67608',192,' modificada',' RM2RMX22.HEX',' SI',800,' 1484',' EV'),(19,19,' T_250.SET',' T',' 383746155-67608',3,' ',' RM2RMX22.HEX',' SI',1014,' 1520',' CP'),(20,20,' T_500.SET',' ',' 383801024-72088',193,' modificada 2.0',' RM2RMX22.HEX',' SI',800,' 1550',' KO'),(21,21,' M_150.SET',' ',' 383801071-72088',194,' ',' ',' ',1014,' 1570',' PF'),(22,22,' T_150.SET',' ',' 383801084-72088',262,' ',' ',' ',1014,' 1574',' JQ'),(23,23,' T_150.SET',' ',' 383347043',385,' CC',' RM-V20.HEX',' SI',800,' 1584',' GD'),(24,24,' T_500.SET',' ',' 383801038-72088',197,' RM B M2.0',' RM2RMX22.HEX',' si',800,' 1874',' NT'),(25,25,' T_250.SET',' ',' 383801050-72088',198,' ',' ',' ',1014,' 1935',' DN'),(26,26,' T_150.SET',' ',' 383801123-72088',199,' ',' ',' ',1014,' 1987',' AO'),(27,27,' T_250.SET',' ',' 383219033',200,' Modificada 2,0',' RM2RMX22.HEX',' si',800,' 2058',' DX'),(28,28,' M_150.SET',' ',' 383808003',471,' modificada',' RM2RMX22.HEX',' SI',800,' 2258',' CH'),(29,29,' T_250.SET',' ',' 383808015',201,' modificada',' RM2RMX22.HEX',' SI',800,' 2260',' IJ'),(30,30,' T_???.SET',' T',' 383801032-72088',492,' sin modificar',' RM2RMX22.HEX',' si',800,' 2276',' FL'),(31,31,' T_500.SET',' ',' 383719043',473,' RM MAX H2 (M)',' RM-V10.HEX',' si',800,' 2345',' CK'),(32,32,' T_250.SET',' ',' 383021019',214,' modificada',' RM2RMX22.HEX',' SI',800,' 2551',' PS'),(33,33,' T_150.SET',' ',' D15770582',203,' Modificada',' RM2RMX22.HEX',' si',800,' 2992',' BX'),(34,34,' T_150.SET',' ','   ',204,' modificada',' RM2RMX22.HEX',' si',800,' 9769',' FU'),(35,35,' ',' T',' 383625015',244,' ',' ',' ',1014,' 9731',' AC'),(36,36,' M_150.SET',' ',' 383801049-72088',205,' Modificada',' RM2RMX22.HEX',' si',1014,' 3022',' BD'),(37,37,' 150. SET',' T',' 383506007',260,' Modificada',' RM2RMX22.HEX',' si',800,' 3039',' KE'),(38,38,' T_150.SET',' ',' 383801120-72088',206,' ',' ',' ',800,' 3045',' DT'),(39,39,' T_150.SET',' ',' 383801041-72088',207,' Modificada 2,0',' RM2RMX22.HEX',' si',800,' 9757',' DO'),(40,40,' M_150.SET',' ',' 383931022',475,' CC´',' RM-V10.HEX',' SI',800,' 3056',' CL'),(41,41,' T_150.SET',' ',' 383801131-72088',208,' ',' ',' ',1014,' 9854',' AZ'),(42,42,' T_150.SET',' ',' 383801016-72088',209,' modificada 2.0',' RM2RMX22.HEX',' si',800,' 3080',' FD'),(43,43,' M_150.SET',' ',' 383801083-72088',210,' ',' ',' ',1014,' 3093',' EH'),(44,44,' T_150.SET',' ',' 383801118-72088',211,' Modificada',' RM2RMX22.HEX',' si',800,' 3096',' EM'),(45,45,' ',' T',' 383746143',252,' RM B 2.0',' RM2RMX22.HEX',' SI',1014,' 3099',' EK'),(46,46,' T_250.SET',' ',' 383801039-72088',212,' ',' ',' ',800,' 3100',' BE'),(47,47,' M_150.SET',' ',' 383801014-72088',213,' ',' ',' ',1014,' 3114',' KG'),(48,48,' T_150.SET',' ',' 383801127-72088',261,' ',' ',' ',1014,' 9730',' GX'),(49,49,' T_150.SET',' ',' 383801076-72088',215,' RM MAX H2 (M)',' RM-V10.HEX',' SI',800,' 3132',' BJ'),(50,50,' T_150.SET',' ',' 383801021-72088',216,' ',' ',' ',1014,' 3134',' IU'),(51,51,' T_150.SET',' ',' 383060124',217,' RM B 2.0',' RM2RMX22.HEX',' SI',1014,' 3143',' EQ'),(52,52,' T_150.SET',' ',' 383801020-72088',393,' ',' ',' ',1014,' 3155',' GE'),(53,53,' T_150.SET',' ',' 383801025-72088',219,' ',' ',' ',1014,' 3159',' YD'),(54,54,' T_150.SET',' ',' 383434016',220,' modificada',' RM2RMX22.HEX',' si',800,' 3164',' KA'),(55,55,' ',' T',' 383801009-72088',236,' ',' RM2RMX22.HEX',' SI',800,' 3172',' FO'),(56,56,' T_150.SET',' ',' 383801181-72088',221,' ',' ',' ',1014,' 3184',' AQ'),(57,57,' ',' T',' 383746063',109,' modificada',' RM2RMX22.HEX',' SI',800,' 3197',' AH'),(58,58,' M_150.SET',' ',' 383801022-72088',222,' ',' ',' ',1014,' 3201',' AH'),(59,59,' T_150.SET',' ',' 383801126-72088',223,' Modificada 2.0',' RM2RMX22.HEX',' SI',1014,' 3212',' PJ'),(60,60,' T_150.SET',' T',' 383808054',108,' modificada',' RM2RMX22.HEX',' SI',800,' 3224',' KV'),(61,61,' T_250.SET',' ',' 383801149-72088',224,' modificada 2.0',' RM2RMX22.HEX',' si',800,' 3244',' SQ'),(62,62,' T_250.SET',' ',' 383801155-72088',225,' cc prima',' RM-V20.HEX',' si',800,' 3283',' XL'),(63,63,'  ',' ',' 383801037-72088',226,' Modificada 2,0',' RM2RMX22.HEX',' si',800,' 3338',' AL'),(64,64,' T_250.SET',' ',' 383801140-72088',227,' ',' ',' ',1014,' 3345',' IG'),(65,65,' T_250.SET',' ',' 383746059-67608',228,' cc prima',' RM-V20.HEX',' si',800,' 3389',' IQ'),(66,66,' ',' T',' 383746079-67608',435,' modificada',' RM2RMX22.HEX',' SI',800,' 3529',' QO'),(67,67,' M_150.SET',' ',' 383801117-72088',229,' Modificada 2.0',' RM2RMX22.HEX',' si',1014,' 3532',' IH'),(68,68,' T_250.SET',' ',' 383801029-72088',230,' RM M2.0',' RM2RMX22.HEX',' SI',800,' 3541',' DQ'),(69,69,' T_150.SET',' ',' 383801048-72088',232,' ',' ',' ',1014,' 3675',' KC'),(70,70,' M_150.SET',' ',' 383801011-72088',234,' modificada',' RM2RMX22.HEX',' si',800,' 3794',' IX'),(71,71,' ',' T',' 383228014',457,' ',' ',' ',1014,' 3991',' AK'),(72,72,' T_500.SET',' ',' 383801033-72088',235,' sin modificar',' RM2RMX22.HEX',' si',800,' 4006',' SD'),(73,73,' T_500.SET',' ',' 383801009-72088',236,' ',' ',' ',1014,' 4013',' XY'),(74,74,' T_250.SET',' ',' 383746144-67608',237,' modificada',' RM2RMX22.HEX',' si',800,' 4030',' YF'),(75,75,' T_250.SET',' ',' 383801205-72088',238,' ',' ',' ',1014,' 4041',' HU'),(76,76,' T_250.SET',' ',' 383801038',239,' modificada',' RM2RMX22.HEX',' si',800,' 4050',' IL'),(77,77,' T_250.SET',' ',' D15770582',240,' modificada',' RM2RMX22.HEX',' si',800,' 4058',' CI'),(78,78,' T_250.SET',' ',' 383746124-67608',241,' ',' ',' ',1014,' 4103',' HJ'),(79,79,' T_150.SET',' ',' 383228043',242,' ',' ',' ',800,' 4108',' QM'),(80,80,' T_150.SET',' ',' 383801142-72088',243,' ',' ',' ',1014,' 4124',' HN'),(81,81,' T_250.SET',' ',' 383801095-72088',244,' ',' ',' ',1014,' 4135',' JH'),(82,82,' T_250.SET',' T',' 383719047',245,' RM A M2.0',' RM2RMX22.HEX',' si',800,' 4152',' DF'),(83,83,' T_250.SET',' ',' 383060035-72088',246,' R5-CC',' RM-V20.HEX',' si',1014,' 4166',' ES'),(84,84,' T_250.SET',' ',' 383801141-72088',247,' modificada',' RM2RMX22.HEX',' si',800,' 4180',' IO'),(85,85,' T_150.SET',' ',' 383801079-72088',248,' modificada 2,0',' RM2RMX22.HEX',' si',800,' 4198',' PC'),(86,86,' T_250.SET',' ',' 383746186-67608',249,' modificada',' RM2RMX22.HEX',' si',800,' 4281',' GB'),(87,87,' T_500.SET',' ',' 383060156',250,' CC´',' RM-V20.HEX',' si',800,' 4376',' TB'),(88,88,' T_250.SET',' ',' 383607001',472,' RM MAX H2 (M)',' RM-V10.HEX',' SI',800,' 4417',' CN'),(89,89,' T_250.SET',' ',' 383746063-67608',251,' ',' ',' ',1014,' 4543',' KV'),(90,90,' T_250.SET',' ',' 383801154-72088',252,' (M)',' RM2FSKRM.HEX',' SI',1014,' 4564',' YB'),(91,91,' T_150.SET',' ',' 383801047-72088',5,' ',' ',' ',1014,' 4628',' IV'),(92,92,' T_150.SET',' ',' 383801096-72088',552,' modificada 2,0',' RM2RMX22.HEX',' si',800,' 4630',' BA'),(93,93,' T_150.SET',' ',' 383801157-72088',260,' ',' ',' ',1014,' 4769',' CP'),(94,94,' T_150.SET',' ',' 383801098-72088',257,' RM B',' RM2RMX22.HEX',' SI',1014,' 4847',' JS'),(95,95,' ',' M',' 383405002',458,' ',' ',' ',800,' 5965',' AP'),(96,96,' ',' ',' 383719051',570,' ',' ',' ',800,' 6011',' EI'),(97,97,' T_150.SET',' ',' 383531022',474,' ',' RM2RMX22.HEX',' SI',800,' 6134',' CV'),(98,98,' T_250.SET',' T',' 383801139',24,' ',' RM2RMX22.HEX',' SI',800,' 6136',' XY'),(99,99,' M_150.SET',' ',' 383801144-72088',259,' ',' ',' ',1014,' 6257',' HH'),(100,100,' ',' T',' 383801056',241,' modificada',' RM2RMX22.HEX',' SI',800,' 6365',' JH'),(101,101,' T_150.SET',' T',' 383746095-67608',63,' modificada',' RM2RMX22.HEX',' SI',800,' 6417',' TZ'),(102,102,' T_150.SET',' T',' 383801022-72088',553,' CC',' RM-V20.HEX',' SI',800,' 6436',' YB'),(103,103,' ',' T',' 383048002',75,' modificada 2.0',' RM2RMX22.HEX',' SI',1014,' 6442',' CJ'),(104,104,' M_150.SET',' ',' 383801017-72088',202,' CC',' RM-V20.HEX',' SI',800,' 6466',' RK'),(105,105,' T_200.SET',' T',' 383219017',282,' ',' ',' ',1014,' 6540',' RW'),(106,106,' T_150.SET',' ',' 383808007',233,' Modificada',' RM2RMX22.HEX',' si',800,' 6680',' KS'),(107,107,' T_xxx.SET',' ',' 383719045',251,' ',' RM-V10.HEX',' SI',800,' 7134',' ZC'),(108,108,' M_150.SET',' ',' 383801146-72088',258,' ',' ',' ',1014,' 7151',' FL'),(109,109,' M_250.SET',' M',' 383219030',32,' RM B CC´-R5',' RM-V20.HEX',' SI',800,' 7537',' HJ'),(110,110,' T_xxx.SET',' T',' 383801129-72088',357,' ',' ',' ',1014,' 7924',' KB'),(111,111,' M_250.SET',' T',' 383060029',576,' RM B CC´-R5',' RM-V20.HEX',' si',800,' 8166',' '),(112,112,' T_150.SET',' ',' 383801209-72088',255,' modificada m prima',' RM2RMX22.HEX',' si',800,' 8424',' BS'),(113,113,' T 150,SET',' ',' 383450001',221,' Modificada',' RM2RMX22.HEX',' SI',800,' 8366',' AQ'),(114,114,' M_250.SET',' T',' 383060147',577,' RM B CC´-R5',' RM-V20.HEX',' si',800,' 9031',' '),(115,115,' T_500.SET',' T',' 383060034',258,' modificada',' RM2RMX22.HEX',' SI',800,' 9253',' HS'),(116,116,' ',' ',' 383746037-67609',263,' ',' ',' ',1014,' ET Burruyacu',' BURRU133'),(117,117,' 700',' ',' 383808025',218,' SIN MODIFCAR',' RM2RMX22.HEX',' SI',800,' SET BRACHO',' BRACHO133'),(118,118,' ???',' ',' 383746048-67609',414,' ',' ',' ',1014,' ????',' ??'),(119,119,' ???',' ',' 383746031-67609',415,' ',' ',' ',1014,' ????',' ??'),(120,120,' ???',' ',' 383746047-67609',416,' ',' ',' ',1014,' ????',' ??'),(121,121,' ???',' ',' 383746034-67609',417,' ',' ',' ',1014,' ????',' ??'),(122,122,' ',' ',' ',NULL,' modificada 2,0',' RM2RMX22.HEX',' si',NULL,' ',' '),(123,123,' T_500.set',' T',' 383801218-72088',12,' ',' ',' ',1014,' 120',' PT'),(124,124,' T_500.set',' T',' 383801043-72088',13,' RM B',' RM2RMX22.HEX',' si',1014,' 188',' BZ'),(125,125,' T_500.set',' T',' 383060036',14,' ',' ',' ',800,' 191',' SZ'),(126,126,' T_500.set',' T',' 383801192-72088',15,' modificada 2.0',' RM2RMX22.HEX',' si',1014,' 194',' NH'),(127,127,' T_500.set',' T',' 383801043-72088',16,' ',' ',' ',1014,' 238',' NX'),(128,128,' T_500.set',' T',' 383060037',17,' ',' ',' ',800,' 239',' OL'),(129,129,' T_500.set',' T',' 383801225-72088',19,' ',' ',' ',1014,' 621',' OJ'),(130,130,' T_250.set',' T',' 383746061-67608',20,' RM B 2.0',' RM2RMX22.HEX',' si',1014,' 666',' DM'),(131,131,' T_250.set',' T',' 383931028',21,' modificada 2,0',' RM2RMX22.HEX',' si',800,' 696',' HT'),(132,132,' T_500.set',' T',' 383048005',30,' modificada 2,0',' RM2RMX22.HEX',' si',800,' 918',' FR'),(133,133,' T_500.set',' T',' 383746169',22,' ',' ',' ',800,' 948',' NQ'),(134,134,' T_500.set',' T',' 383801212-72088',23,' ',' ',' ',1014,' 1137',' TL'),(135,135,' T_150.set',' T',' 383539003-',24,' ',' ',' ',1014,' 1181',' KF'),(136,136,' T_150.set',' T',' 383746090',25,' modificada 2,0',' RM2RMX22.HEX',' si',800,' 1185',' GN'),(137,137,' T_250.set',' T',' 383219035',26,' CC´',' RM-V20.HEX',' si',800,' 1192',' FG'),(138,138,' T_150.set',' T',' 383801229-72088',27,' ',' ',' ',1014,' 1194',' UD'),(139,139,' T_500.set',' T',' 383746097',28,' modificada 2,0',' RM2RMX22.HEX',' si',800,' 1197',' UE'),(140,140,' T_500.set',' T',' 383801091-72088',29,' RM B CC ',' RM-V10.HEX',' SI',1014,' 1200',' TR'),(141,141,' M_150.set',' M',' 383801072-72088',102,' ',' ',' ',1014,' 1234',' DK'),(142,142,' T_150.set',' T',' 383746105',31,' 2.0',' RM2RMX22.HEX',' si',800,' 1250',' CR'),(143,143,' M_150.set',' M',' 383746114-67608',32,' ',' ',' ',1014,' 1317',' QB'),(144,144,' T_150.set',' T',' 383801097-72088',33,' ',' ',' ',1014,' 1328',' AD'),(145,145,' T_150.set',' T',' 38381148',34,' modificada',' ',' si',1014,' 1358',' GZ'),(146,146,' T_150.set',' T',' 383801088-72088',18,' modificada',' RM2RMX22.HEX',' si',800,' 1397',' QJ'),(147,147,' T_150.set',' T',' 383746114',35,' modificada 2.0',' RM2RMX22.HEX',' si',800,' 1460',' DI'),(148,148,' M_150.set',' M',' 383347005',36,' modificada',' RM2RMX22.HEX',' si',800,' 1466',' JT'),(149,149,' T_500.set',' T',' 383746097-67608',37,' modificada 2.0',' RM2RMX22.HEX',' si',800,' 1554',' CC'),(150,150,' T_500.set',' T',' 383801093-72088',38,' modificada 2.0',' RM2RMX22.HEX',' si',1014,' 1619',' DL'),(151,151,' T_150.set',' T',' 383801210',39,' modificada',' RM2RMX22.HEX',' si',800,' 1632',' DV'),(152,152,' T_500.set',' T',' 383801171',60,' modificada 2.0',' RM2RMX22.HEX',' SI',800,' 1698',' KH'),(153,153,' T_150.set',' T',' 383801136',40,' CC´',' RM-V20.HEX',' si',800,' 1716',' HM'),(154,154,' T_150.set',' T',' 383746152-67608',41,' ',' ',' ',1014,' 1839',' GT'),(155,155,' M_150.set',' M',' 383801194',42,' M2.0',' RM2RMX22.HEX',' SI',1014,' 1872',' BG'),(156,156,' T_150.set',' T',' 383219028',6,' cc\'',' RM-V20.HEX',' si',1014,' 2030',' BY'),(157,157,' T_500.set',' T',' 383746082-67608',44,' ',' ',' ',1014,' 2132',' TD'),(158,158,' T_500.set',' T',' 383808034',360,' ',' ',' ',800,' 2234',' CO'),(159,159,' T_1500.set',' T',' 383746083-67608',45,' ',' ',' ',1014,' 2235',' QD'),(160,160,' T_150.set',' T',' 383746151-67608',46,' RM B 2.0',' RM2RMX22.HEX',' si',1014,' 2268',' BM'),(161,161,' T_150.set',' T',' 383746157-67608',47,' ',' ',' ',1014,' 2298',' FK'),(162,162,' T_150.set',' T',' 383347065',48,' modificada 2.0',' RM2RMX22.HEX',' si',800,' 2412',' GQ'),(163,163,' T_150.set',' T',' 383746184',50,' modificada 2.0',' RM2RMX22.HEX',' si',800,' 2464',' FH'),(164,164,' T_150.set',' T',' 383801088-72088',51,' ',' ',' ',1014,' 2469',' JL'),(165,165,' T_150.set',' M',' 383746093',52,' modificada 2.0',' RM2RMX22.HEX',' si',800,' 2692',' QR'),(166,166,' T_150.set',' T',' 383746086-67608',53,' ',' ',' ',1014,' 2698',' EK'),(167,167,' T_150.set',' T',' 383801167-72088',55,' RM M´',' RM2RMX22.HEX',' SI',800,' 2717',' EL'),(168,168,' M_150.set',' M',' 383746112-67608',56,' ',' ',' ',800,' 2728',' KX'),(169,169,' T_150.set',' T',' 383827017',57,' modificada 2.0',' RM2RMX22.HEX',' si',800,' 2735',' KD'),(170,170,' T_150.set',' T',' 383801092-72088',58,' ',' ',' ',1014,' 2741',' HI'),(171,171,' T_150.set',' T',' 383746150-67608',59,' ',' ',' ',1014,' 2745',' KU'),(172,172,' M_150.set',' M',' 383801090-72088',60,' ',' ',' ',1014,' 2746',' JE'),(173,173,' M_150.set',' M',' 383931025',106,' modificada',' RM2RMX22.HEX',' si',800,' 2757',' HF'),(174,174,' T_250.set',' T',' 383746177-67608',105,' ',' ',' ',1014,' 2759',' HK'),(175,175,' T_150.set',' T',' 383746095-67608',101,' ',' ',' ',1014,' 2767',' IT'),(176,176,' M_150.set',' M',' 383746093-67608',63,' ',' ',' ',1014,' 2785',' KI'),(177,177,' T_150.set',' T',' 383746098-67608',64,' ',' ',' ',1014,' 2786',' HZ'),(178,178,' M_150.set',' M',' 383801223-72088',65,' ',' ',' ',1014,' 2793',' CF'),(179,179,' T_150.set',' T',' 383625018',66,' ',' ',' ',800,' 2797',' JU'),(180,180,' T_150.set',' T',' 383746180-67608',107,' ',' ',' ',1014,' 2800',' IA'),(181,181,' T_150.set',' T',' 383801166',68,' modificada',' RM2RMX22.HEX',' SI',800,' 2921',' CE'),(182,182,' M_150.set',' M',' 383719027',69,' sin modificar',' RM2RMX22.HEX',' si',800,' 2927',' YI'),(183,183,' T_250.set',' T',' 383746174-67608',436,' 2.0',' RM2RMX22.HEX',' si',800,' 3250',' RN'),(184,184,'  ',' T',' 383801158-72088',70,' ',' ',' ',1014,' 3264',' BH'),(185,185,' M_150.set',' M',' 383808013',71,' CC',' V.20HEX',' SI',800,' 3347',' HO'),(186,186,' T_500.set',' T',' 383801134-72088',72,' ',' ',' ',1014,' 3348',' BF'),(187,187,' M_150.set',' M',' 383801103-72088',73,' M 2.0',' RM2RMX22.HEX',' si',1014,' 3385',' HL'),(188,188,' M_150.set',' M',' 383801115-72088',74,' ',' ',' ',1014,' 3488',' KE'),(189,189,' M_150.set',' M',' 383746062',76,' modificada 2.0',' RM2RMX22.HEX',' si',800,' 3641',' EX'),(190,190,' T_150.set',' T',' 383801030-72088',77,' ',' ',' ',1014,' 3887',' KT'),(191,191,' M_150.set',' M',' 383801133-67608',78,' modificada',' RM2RMX22.HEX',' SI',800,' 3892',' AY'),(192,192,' T_500.set',' T',' 383801212-72088',79,' RM B 2.0',' RM2RMX22.HEX',' si',1014,' 3894',' GM'),(193,193,' T_150.set',' T',' 383801228-72088',80,' ',' ',' ',1014,' 4296',' KH'),(194,194,' T_250.set',' T',' 383746054',82,' modificada',' RM2RMX22.HEX',' si',800,' 4328',' JB'),(195,195,' T_150.set',' T',' 383746123-67608',83,' ',' ',' ',1014,' 4335',' TZ'),(196,196,' T_500.set',' T',' 383746107-67608',109,' ',' ',' ',1014,' 4340',' QA'),(197,197,' T_150.set',' T',' 383801094-72088',103,' CC',' V10,HEX',' SI',800,' 4345',' PU'),(198,198,' M_150.set',' M',' 383801135-72088',86,' ',' ',' ',1014,' 4481',' GJ'),(199,199,' T_250.set',' T',' 383801176-72088',87,' ',' ',' ',1014,' 4505',' DP'),(200,200,' T_150.set',' T',' 383746155-67608',88,' ',' ',' ',1014,' 4507',' CB'),(201,201,' T_500.set',' T',' 383801169-72088',89,' modifcada 2,0',' RM2RMX22.HEX',' SI',800,' 4538',' TS'),(202,202,' T_150.set',' T',' 383801104-72088',90,' M 2.0',' RM2RMX22.HEX',' SI',1014,' 4611',' GU'),(203,203,' T_150.set',' T',' 383801210-72088',91,' ',' ',' ',1014,' 4618',' YS'),(204,204,' T_150.set',' T',' 383801070-72088',92,' ',' ',' ',1014,' 4621',' AE'),(205,205,' T_150.set',' T',' 383827014',93,' Modificada',' RM2RMX22.HEX',' ',800,' 4622',' AF'),(206,206,' T_500.set',' T',' 383801172',94,' CC',' RM-V10.HEX',' SI',800,' 4704',' QG'),(207,207,' T_150.set',' T',' 383801221-72088',95,' ',' ',' ',1014,' 4713',' EB'),(208,208,' T_150.set',' T',' 383746079-67608',96,' ',' ',' ',1014,' 4714',' XG'),(209,209,' M_150.set',' M',' 383801144-72088',104,' ',' ',' ',1014,' 4728',' AR'),(210,210,' T_150.set',' T',' 383801222',98,' 2.0',' RM2RMX22.HEX',' si',800,' 4729',' DA'),(211,211,' T_150.set',' T',' 383801068-72088',99,' ',' ',' ',1014,' 4773',' HS'),(212,212,' T_150.set',' T',' 383219026',100,' ',' ',' si',800,' 4783',' CO'),(213,213,' M_150.set',' M',' 383039026',72,' 2.0',' RM2RMX22.HEX',' si',1014,' 6085',' GZ'),(214,214,' T_150.set',' T',' 383931020',459,' Modificada',' ',' si',1014,' 6089',' EB'),(215,215,' M_150.set',' M',' 383746108-67608',489,' modificada 2.0',' RM2RMX22.HEX',' SI',800,' 6138',' BF'),(216,216,' T_150.set',' T',' 383125007',437,' ',' ',' ',1014,' 6311',' RJ'),(217,217,' M_150.set',' M',' 383125010',438,' modificada 2.0',' RM2RMX22.HEX',' Si',1014,' 6845',' RO'),(218,218,' M_150.set',' M',' 383931026',439,' modificada 2.0',' RM2RMX22.HEX',' si',800,' 6860',' RD'),(219,219,' M_150.set',' M',' 383801015',440,' modificada',' RM2RMX22.HEX',' SI',1014,' 6882',' RE'),(220,220,' M_150.set',' M',' 383801227-72088',441,' Modificada',' RM2RMX22.HEX',' SI',1014,' 6887',' RF'),(221,221,' ',' T',' 383347073',460,' ',' ',' ',1014,' 7387',' JE'),(222,222,' T_150.set',' T',' 383746173',49,' ',' ',' si',800,' 7453',' HY'),(223,223,' ',' T',' 383048010',490,' CC´',' RM-V20.HEX',' SI',800,' 7527',' KI'),(224,224,' T_150.set',' T',' 383219021',442,' modificada 2,0',' RM2RMX22.HEX',' si',800,' 7607',' RG'),(225,225,' M_150.set',' M',' 383125003',443,' M',' RM2RMX22.HEX',' si',800,' 7609',' RH'),(226,226,' 150',' T',' 383746175-67608',488,' RM MAX H2 (M) CC',' RM-V20.HEX',' SI',800,' 7733',' KT'),(227,227,' T_150.set',' T',' 383746056-67608',81,' ',' ',' ',1014,' 7769',' QO'),(228,228,' T_150.set',' T',' 383039024',444,' ',' ',' ',1014,' 8022',' RL'),(229,229,' T_150.set',' T',' 383801167',54,' RM A M2.0',' RM2RMX22.HEX',' SI',800,' 9560',' CD'),(230,230,' ',' ',' 383746023-67609',43,' ',' ',' ',1014,' 33',' '),(231,231,' ',' ',' 383746016-67609',61,' ',' ',' ',1014,' 33',' '),(232,232,' ',' T',' 383746012-67609',62,' ',' ',' ',1014,' 33',' '),(233,233,' ',' T',' 383746008-67609',67,' ',' ',' ',1014,' 13',' '),(234,234,' ',' T',' 383746011-67609',84,' ',' ',' ',1014,' 33',' '),(235,235,' ',' T',' 383746009-67609',85,' ',' ',' ',1014,' 13',' '),(236,236,' ',' T',' 383746015-67609',264,' ',' ',' ',1014,' 13',' '),(237,237,' ',' T',' 383746026-67609',265,' ',' ',' ',1014,' 13',' '),(238,238,' ',' T',' 383746049-67609',266,' ',' ',' ',1014,' 33',' '),(239,239,' ',' T',' 383746017-67609',267,' ',' ',' ',1014,' 33',' '),(240,240,' T_600',' T',' 383746043-67609',97,' ',' ',' ',1014,' 9999',' '),(241,241,' *',' *',' *',10000,' H2 CC',' FSKP5',' si',NULL,' 0',' *'),(242,242,' ',' ',' ',NULL,' H2 CC',' BA-V20.HEX',' si',NULL,' ',' '),(243,243,' ',' T',' 383219029',452,' R5',' ',' ',1014,' 20',' RS'),(244,244,' T_1000.SET',' T',' 383801106-72088',270,' ',' ',' ',1014,' 28',' SR'),(245,245,' T_500.SET',' T',' 383746140-67608',271,' modificada 2.0',' ',' ',800,' 36',' UP'),(246,246,' T_500.SET',' T',' 383801204-72088',272,' modificada',' RM2RMX22.HEX',' si',800,' 44',' SE'),(247,247,' T_500.SET',' T',' 383746183-67608',273,' ',' ',' ',1014,' 49',' TG'),(248,248,' T_500.SET',' T',' 383801035-72088',274,' ',' ',' ',1014,' 69',' TT'),(249,249,' ',' T',' ',NULL,' ',' ',' ',NULL,' 78',' '),(250,250,' T_250.SET',' T',' 383746080',275,' ',' ',' si',800,' 146',' KK'),(251,251,' T_500.SET',' T',' 383746109-67608',276,' ',' ',' ',1014,' 201',' UB'),(252,252,' T_xxx.SET',' T',' 383746078',465,' RM A 2.0',' RM2RMX22.HEX',' SI',800,' 304',' DC'),(253,253,' T_250.SET',' T',' 383746060-67608',277,' Modificada 2.0',' RM2RMX22.HEX',' si',800,' 334',' TX'),(254,254,' T_500.SET',' T',' 383060057',278,' ',' ',' ',1014,' 338',' NM'),(255,255,' T_500.SET',' T',' 383746133-67608',279,' ',' ',' ',800,' 379',' ST'),(256,256,' T_500.SET',' T',' 383801159-72088',280,' ',' ',' ',800,' 397',' NS'),(257,257,' T_500.SET',' T',' 383801051-72088',281,' ',' ',' ',1014,' 400',' UL'),(258,258,' T_500.SET',' T',' 383801058-72088',4,'  ',' ',' ',800,' 402',' XS'),(259,259,' T_500.SET',' T',' 383801099-72088',283,' modificada',' RM2RMX22.HEX',' si',800,' 437',' UZ'),(260,260,' T_250.SET',' T',' 383060054',7,' CC',' RM-V20.HEX',' si',800,' 459',' JI'),(261,261,' T_500.SET',' T',' 383801201-72088',285,' CC´',' RM-V20.HEX',' si',800,' 476',' MR'),(262,262,' T_500.SET',' T',' 383531019',1,' Modificada',' RM2RMX22.HEX',' SI',800,' 504',' MI'),(263,263,' T_500.SET',' T',' 383931005',288,' RM  A 2.0',' RM2RMX22.HEX',' si',1014,' 526',' MN'),(264,264,' T_500.SET',' T',' 383746137-67608',289,' ',' ',' ',1014,' 545',' YT'),(265,265,' T_500.SET',' T',' 383746072-67608',290,' ',' ',' ',1014,' 575',' SV'),(266,266,' T_500.SET',' T',' 383746154-67608',291,' CC´',' RM-V20.HEX',' si',800,' 629',' SS'),(267,267,' T_500.SET',' T',' 383746080-67608',292,' ',' ',' ',1014,' 722',' UR'),(268,268,' ',' T',' 383808060',464,' modificada',' RM2RMX22.HEX',' si',800,' 773',' T773'),(269,269,' T_500.SET',' T',' 383801207-72088',293,' ',' ',' ',1014,' 786',' NE'),(270,270,' T_500.SET',' T',' 383746115-67608',294,' CC´',' RM-V20.HEX',' si',800,' 797',' OA'),(271,271,' T_250.SET',' T',' 383070140',295,' modificada',' RM2RMX22.HEX',' si',800,' 823',' XD'),(272,272,' T_500.SET',' T',' 383801110-72088',296,' Modificada',' RM2RMX22.HEX',' si',800,' 881',' TE'),(273,273,' T_500.SET',' T',' 383931916',297,' Modificada',' RM2RMX22.HEX',' SI',800,' 932',' TA'),(274,274,' T_1000.SET',' T',' 383931017',298,' modificada',' RM2RMX22.HEX',' si',800,' 971',' MG'),(275,275,' T_500.SET',' T',' 383801183-72088',299,' ',' ',' ',800,' 972',' TF'),(276,276,' T_500.SET',' T',' 383801203-72088',300,' ',' ',' ',800,' 978',' UN'),(277,277,' ',' T',' 383219025',453,' Modificada 2.0',' RM2RMX22.HEX',' si',800,' 1018',' RR'),(278,278,' T_500.SET',' T',' 383531026',302,' ',' ',' ',800,' 1045',' XB'),(279,279,' T_1000.SET',' T',' 383746100-67608',303,' ',' ',' ',1014,' 1065',' US'),(280,280,' ',' T',' 383219034',454,' CC',' RM-V20.HEX',' SI',800,' 1105',' RQ'),(281,281,' T_250.SET',' T',' 383801215',304,' ',' ',' ',1014,' 1133',' ND'),(282,282,' T_500.SET',' T',' 383808046',306,' ',' ',' ',800,' 1141',' UH'),(283,283,' T_500.SET',' T',' 383219014',486,' ',' RM2RMX22.HEX',' SI',1014,' 1389',' ZD'),(284,284,' T_500.SET',' T',' 383801101-72088',307,' ',' ',' ',1014,' 1676',' SJ'),(285,285,' T_250.SET',' T',' 383801053-72088',308,' ',' ',' ',1014,' 1701',' XV'),(286,286,' T_250.SET',' T',' 383347059',309,' CC´',' RM-V20.HEX',' si',800,' 1758',' XU'),(287,287,' T_250.SET',' T',' 383746094',310,' modificada',' RM2RMX22.HEX',' si',800,' 1811',' MC'),(288,288,' T_500.SET',' T',' 383801102-72088',311,' ',' RM2RMX22.HEX',' si',800,' 1875',' UG'),(289,289,' T_500.SET',' T',' 383801174-72088',312,' Modificada 2.0',' RM2RMX22.HEX',' si',800,' 1895',' TH'),(290,290,' T_1000.SET',' T',' 383801108-72088',313,' ',' ',' ',1014,' 1909',' NF'),(291,291,' T_500.SET',' T',' 383746085-67608',314,' Modificada 2.0',' RM2RMX22.HEX',' si',1014,' 1923',' UT'),(292,292,' T_500.SET',' T',' 383801191-72088',315,' Sin Modificar',' RM2RMX22.HEX',' si',800,' 1925',' TP'),(293,293,' T_250.SET',' T',' 383746087-67608',316,' ',' ',' ',1014,' 1932',' MP'),(294,294,' T_500.SET',' T',' 383219022',317,' modificada 2,0',' RM2RMX22.HEX',' si',800,' 2013',' MF'),(295,295,' T_250.SET',' T',' 383931003',318,' CC',' RM-V20.HEX',' si',800,' 2039',' OK'),(296,296,' T_500.SET',' T',' 383801219-72088',319,' ',' ',' si',800,' 2178',' UO'),(297,297,' T_250.SET',' T',' 383746121-67608',320,' ',' ',' ',1014,' 2221',' JF'),(298,298,' T_500.SET',' T',' 383931012',321,' RM A2.0',' RM2RMX22.HEX',' si',1014,' 2231',' XC'),(299,299,' T_500.SET',' T',' 383746147-67608',322,' Modificada 2.0',' RM2RMX22.HEX',' si',800,' 2286',' SG'),(300,300,' T_500.SET',' T',' 383625020',323,' Modificada 2.0',' RM2RMX22.HEX',' si',800,' 8809',' NG'),(301,301,' T_250.SET',' T',' 383746168-67608',324,' Modificada 2.0',' RM2RMX22.HEX',' si',800,' 2443',' AM'),(302,302,' 500',' T',' 383060027',578,' R5- CC',' RM-V20.HEX',' si',800,' 2476',' GF'),(303,303,' T_500.SET',' T',' 383801156-72088',325,' Modificada 2.0',' RM2RMX22.HEX',' si',800,' 2531',' SB'),(304,304,' T_1000.SET',' T',' 383801128-72088',301,' ',' ',' ',1014,' 2560',' TJ'),(305,305,' T_500.SET',' T',' 383746118-67608',326,' ',' ',' ',1014,' 2600',' TI'),(306,306,' T_250.SET',' T',' 383060123',327,' ',' ',' ',1014,' 2611',' OD'),(307,307,' T_500.SET',' T',' 383746132-67608',328,' ',' ',' ',1014,' 2835',' OI'),(308,308,' T_250.SET',' T',' 383060125',329,' RM A 2.0',' RM2RMX22.HEX',' si',1014,' 2868',' NZ'),(309,309,' T_250.SET',' T',' 383801081',330,' RM A 2.0',' RM2RMX22.HEX',' si',800,' 2889',' TM'),(310,310,' T_250.SET',' T',' 383746148-67608',332,' Modificada 2.0',' RM2RMX22.HEX',' si',800,' 3257',' XH'),(311,311,' T_250.SET',' T',' 383021016-',333,' modificada',' RM2RMX22.HEX',' si',800,' 3285',' XZ'),(312,312,' T_500.SET',' T',' 383746146-67608',335,' ',' ',' ',800,' 3351',' NJ'),(313,313,' T_500.SET',' T',' 383801061-72088',336,' RM A2.0',' RM2RMX22.HEX',' si',1014,' 3466',' SP'),(314,314,' T_250.SET',' T',' 383746070-67608',337,' R5-CC´',' RM-V20.HEX',' si',800,' 8635',' GV'),(315,315,' T_500.SET',' T',' 383827003',466,' Modificada',' RM2RMX22.HEX',' SI',800,' 3922',' DD'),(316,316,' T_250.SET',' T',' 383746141-67608',338,' modificada',' RM2RMX22.HEX',' si',800,' 4255',' JO'),(317,317,' T_500.SET',' T',' 383625017',467,' RM 2.0',' RM2RMX22.HEX',' SI',800,' 4875',' DJ'),(318,318,' ',' T',' 383347070',461,' ',' ',' ',1014,' 5956',' AX'),(319,319,' T_250.SET',' T',' 383801147-72088',339,' Modificada',' RM2RMX22.HEX',' si',800,' 5971',' EF'),(320,320,' T_250.SET',' T',' 383801013-72088',331,' ',' ',' ',1014,' 5994',' FF'),(321,321,' ',' ',' 383808031',558,' modificada',' RM2RMX22.HEX',' si',800,' 6654',' '),(322,322,' T_500.SET',' T',' 383719013',468,' RM 2.0',' RM2RMX22.HEX',' SI',800,' 6663',' DR'),(323,323,' T_500.SET',' T',' 383801046-72088',340,' sin modificar',' RM2RMX22.HEX',' si',800,' 6968',' UQ'),(324,324,' T_500.SET',' T',' 383827011',469,' Modificada 2.0',' RM2RMX22.HEX',' SI',800,' 7274',' DU'),(325,325,' T_250.SET',' T',' 383607006',470,' RM MAX H2 (M)',' RM-V10.HEX',' SI',800,' 7424',' DZ'),(326,326,' ',' ',' 383060122',560,' RM A 2.0',' RM2RMX22.HEX',' si',800,' 7988',' '),(327,327,' ',' T',' 383347038',462,' modificda',' RM2RMX22.HEX',' si',800,' 8106',' BB'),(328,328,' ',' T',' 383746070-67608',337,' RM 2.0',' RM2RMX22.HEX',' si',800,' 8635',' '),(329,329,' 500',' T',' 383060048',579,' R5-CC',' RM-V20.HEX',' si',800,' 8712',' GH'),(330,330,' 150',' T',' 383060150',581,' R5-CC',' RM-V20.HEX',' si',400,' 9201',' GL'),(331,331,' T_250.SET',' T',' 383060131',305,' modificada',' RM2RMX22.HEX',' si',800,' 9288',' SC'),(332,332,' T_500.SET',' T',' 383060060',577,' R5 - CC',' RM-V20.HEX',' si',800,' 9315',' GC'),(333,333,' T_250.SET',' T',' 383801119-72088',286,' Modificada',' RM2RMX22.HEX',' si',800,' 9562',' TU'),(334,334,' T_1400',' T',' 383746003-67609',341,' ',' ',' ',1014,' ',' '),(335,335,' T_1400',' T',' 383746013-67609',342,' ',' ',' ',1014,' ',' '),(336,336,' ',' T',' 383746025-66909',268,' CC',' RM-V20.HEX',' Si',1014,' ',' '),(337,337,' ',' T',' 383746046-67609',269,' CC',' RM-V20.HEX',' SI',1014,' ',' '),(338,338,' ',' T',' 383746045-67609',10,' ',' ',' ',1014,' ',' '),(339,339,' ',' T',' 383746044-67609',11,' ',' ',' ',1014,' ',' '),(340,340,' ',' T',' 383746036-67609',178,' ',' ',' ',1014,' ',' '),(341,341,' ',' T',' 383746042-67609',179,' ',' ',' ',1014,' ',' '),(342,342,' ',' T',' 383746033-67609',406,' ',' ',' ',1014,' ',' '),(343,343,' ',' T',' 383746032-67609',407,' ',' ',' ',1014,' ',' '),(344,344,' ',' T',' 383347067',408,' Modificada',' RM2RMX22.HEX',' SI',800,' ',' '),(345,345,' ',' T',' 383044005',409,' Modificada',' RM2RMX22.HEX',' SI',800,' ',' '),(346,346,' 700/5 TI',' T',' 383060021',576,' ',' ',' ',800,' ',' '),(347,347,' 500/5 TI',' T',' 383060024',575,' ',' ',' ',800,' ',' '),(348,348,' ',' T',' 383746035-67609',410,' ',' ',' ',1014,' ',' '),(349,349,' ',' T',' 383746030-67609',411,' ',' ',' ',1014,' ',' '),(350,350,' ',' T',' 383746041-67609',412,' ',' ',' ',1014,' ',' '),(351,351,' ',' T',' 383746040-67609',413,' ',' ',' ',800,' ',' '),(352,352,' ',' T',' 383060025',573,' ',' ',' ',800,' ',' '),(353,353,' ',' T',' 383060022',574,' ',' ',' ',800,' ',' '),(354,354,' T_1000.SET',' T',' 383746002-67609',418,' ',' ',' ',1014,' ',' '),(355,355,' 1400',' T',' 383746039',419,' ',' ',' ',1014,' ',' '),(356,356,' ',' T',' ',420,' ',' ',' ',1014,' ',' '),(357,357,' ',' T',' ',421,' ',' ',' ',1014,' ',' '),(358,358,' ',' T',' ',422,' ',' ',' ',1014,' ',' '),(359,359,' 1400',' T',' 363044001',423,' ',' ',' ',1014,' 13',' '),(360,360,' *',' *',' 383060143',NULL,' 25K- R6',' RM-V20.HEX',' si',800,' *',' *'),(361,361,' ',' ',' ',500,' ',' ',' ',1014,' ',' '),(362,362,' T_500.set',' ',' 383801008-72088',110,' CC',' RM-V20,HEX',' SI',1014,' 385',' DY'),(363,363,' T_xxx.set',' ',' 383808056',477,' RM MAX H2 (M)',' RM-V10.HEX',' SI',800,' 411',' CY'),(364,364,' T_500.set',' ',' 383801217-72088',111,' ',' ',' ',1014,' 456',' SY'),(365,365,' T_250.set',' ',' 383801121-72088',112,' ',' ',' ',1014,' 463',' CQ'),(366,366,' T_500.set',' ',' 383746142',113,' modificada 2.0',' RM2RMX22.HEX',' SI',800,' 503',' TN'),(367,367,' T_250.set',' ',' 383746123-67608',114,' modificada 2.0',' RM2RMX22.HEX',' SI',800,' 505',' JN'),(368,368,' M_250.set',' ',' 383801064',115,' ',' ',' si',800,' 510',' JZ'),(369,369,' T_500.set',' ',' 383434020',116,' CC´',' RM-V10.HEX',' si',1014,' 581',' AA'),(370,370,' ',' T',' 383746092-67608',134,' ',' ',' ',1014,' 626',' JG'),(371,371,' T_500.set',' ',' 383060033',117,' modificada 2.0',' ',' si',800,' 639',' SI'),(372,372,' T_150.set',' ',' 383801059-72088',118,' ',' ',' ',1014,' 684',' KJ'),(373,373,' M_150.set',' ',' 383801100-72088',119,' ',' ',' ',1014,' 743',' CJ'),(374,374,' T_500.set',' ',' 383746159',120,' ',' ',' ',1014,' 784',' XM'),(375,375,' M_250.set',' ',' 383801086-72088',122,' ',' ',' ',1014,' 906',' GO'),(376,376,' M_250.set',' ',' 383801065-72088',123,' ',' ',' ',1014,' 976',' MM'),(377,377,' M_250.set',' ',' 383746136-67608',124,' modificada 2.0',' ',' ',800,' 980',' MQ'),(378,378,' T_250.set',' ',' 383801162',125,' ',' RM2RMX22.HEX',' si',800,' 981',' PQ'),(379,379,' T_150.set',' ',' 383228044',171,' Modificada',' RM2RMX22.HEX',' si',800,' 994',' AJ'),(380,380,' T_500.set',' ',' 383746153-67608',126,' sin modificar',' RM2RMX22.HEX',' si',800,' 1035',' NL'),(381,381,' T_500.set',' T',' 383347044',464,' ',' ',' ',1014,' 1110',' BQ'),(382,382,' M_250.set',' ',' 383746071-67608',127,' modificada 2.0',' RM2RMX22.HEX',' si',1014,' 1122',' FY'),(383,383,' T_250.set',' ',' 383801190-72088',128,' ',' ',' ',1014,' 1163',' KR'),(384,384,' T_150.set',' ',' 383746061-67608',129,' Modificada ',' RM2RMX22.HEX',' si',800,' 1176',' HP'),(385,385,' M_150.set',' ',' 383746104-67608',130,' ',' ',' ',1014,' 1291',' HV'),(386,386,' T_150.set',' ',' 383801036-72088',478,' ',' ',' ',1014,' 1293',' FO'),(387,387,' T_150.set',' ',' 383801214-72088',132,' ',' ',' ',1014,' 9645',' IB'),(388,388,' T_150.set',' ',' 383048001',133,' CC',' RM-V20.HEX',' SI',800,' 1347',' FT'),(389,389,' T_150.set',' ',' 383801163-72088',134,' ',' ',' ',1014,' 1439',' JG'),(390,390,' T_150.set',' ',' 383801162-72088',135,' ',' ',' ',1014,' 1504',' YC'),(391,391,' T_150.set',' ',' 383801078-72088',136,' ',' ',' ',1014,' 1512',' CM'),(392,392,' T_150.set',' ',' 383801018-72088',137,' modificada 2.0',' RM2RMX22.HEX',' SI',1014,' 1587',' BP'),(393,393,' M_250.set',' ',' 383801121',138,' RM R5 CC´',' RM-V20.HEX',' si',800,' 1604',' HC'),(394,394,' T_150.set',' ',' 383048009',139,' sin modificar ',' RM2RMX22.HEX',' si',800,' 1651',' EO'),(395,395,' T_500.set',' ',' 383746119-67608',317,' ',' ',' ',1014,' 1678',' XI'),(396,396,' T_150.set',' ',' 383347041',140,' Modificada 2.0',' RM2RMX22.HEX',' si',800,' 10415',' GI'),(397,397,' T_150.set',' ',' 383801063-72088',177,' ',' ',' ',1014,' 1801',' IY'),(398,398,' T_150.set',' ',' 383746159-67608',142,' modificada',' RM2RMX22.HEX',' ',1014,' 1808',' EY'),(399,399,' T_150.set',' ',' 383746151-67608',143,' ',' ',' ',800,' 10293 RPT',' DS'),(400,400,' T_150.set',' ',' 383746092-67608',144,' ',' ',' ',1014,' 1861',' KY'),(401,401,' T_150.set',' ',' 383506010',145,' Modificada 2.0',' RM2RMX22.HEX',' si',800,' 1916',' DH'),(402,402,' M_250.set',' ',' 383801220-72088',146,' Modificada 2.0',' RM2RMX22.HEX',' si',800,' 1947',' NK'),(403,403,' M_150.set',' ',' 383746167-67608',147,' ',' ',' ',1014,' 1951',' BO'),(404,404,' ',' T',' 38388050',559,' Modificada 2.0',' RM2RMX22.HEX',' si',800,' 1955',' FP'),(405,405,' T_150.set',' ',' 383746174-67608',148,' ',' ',' ',1014,' 1972',' YG'),(406,406,' T_150.set',' ',' 383347044',149,' ',' ',' ',1014,' 2006',' II'),(407,407,' T_250.set',' ',' 383801003-72088',150,' ',' ',' ',1014,' 2092',' TC'),(408,408,' T_150.set',' ',' 383746050',151,' RM B M',' RM2RMX22.HEX',' si',1014,' 2146',' PG'),(409,409,' T_250.set',' ',' 383801125-72088',152,' ',' ',' ',800,' 2208',' UM'),(410,410,' T_250.set',' ',' 383039022',153,' RM A 2.0',' RM2RMX22.HEX',' si',1014,' 2294',' GP'),(411,411,' M_150.set',' ',' 383746152',155,' Modificada',' RM2RMX22.HEX',' si',800,' 2317',' AT'),(412,412,' ',' ',' 383808059',564,' modificada',' RM2RMX22.HEX',' si',800,' 2329',' FV'),(413,413,' T_150.set',' ',' 383746057-67608',156,' RM B 2.0',' RM2RMX22.HEX',' SI',1014,' 9659',' CZ'),(414,414,' T_250.set',' ',' 383801032-72088',157,' ',' ',' ',1014,' 2502',' DE'),(415,415,' T_150.set',' ',' 383801085-72088',158,' ',' ',' ',1014,' 2948',' IF'),(416,416,' T_150.set',' ',' 383746074-67608',159,' ',' ',' ',1014,' 2960',' JJ'),(417,417,' T_150.set',' ',' 383801007',160,' ',' ',' si',800,' 2978',' EN'),(418,418,' M_250.set',' ',' 383746184-67608',161,' ',' ',' ',1014,' 2982',' DG'),(419,419,' M_250.set',' ',' 383801215-72088',162,' ',' ',' ',800,' 3267',' XK'),(420,420,' T_150.set',' ',' 383801169-72088',163,' ',' ',' ',1014,' 3319',' PZ'),(421,421,' T_250.set',' ',' 383796642',164,' ',' ',' ',800,' 3324',' PB'),(422,422,' T_150.set',' ',' 383801086',165,' ',' ',' si',800,' 3656',' PR'),(423,423,' M_250.set',' ',' 383801163',166,' modificada 2,0',' RM2RMX22.HEX',' si',800,' 3685',' FB'),(424,424,' T_150.set',' ',' 383801085',167,' modificada 2,0',' RM2RMX22.HEX',' si',800,' 3827',' IR'),(425,425,' M_250.set',' ',' 383801230-72088',168,' ',' ',' ',1014,' 3846',' NY'),(426,426,' T_250.set',' ',' 383746160-67608',169,' ',' ',' ',1014,' 3854',' OH'),(427,427,' T_250.set',' ',' 383801017-72088',170,' ',' ',' ',1014,' 3879',' BI'),(428,428,' T_150.set',' ',' 383746050-67608',172,' ',' ',' ',1014,' 4895',' YE'),(429,429,' T_150.set',' ',' 383021027-72088',176,' modificada',' RM2RMX22.HEX',' si',800,' 4945',' UU'),(430,430,' T_250.set',' ',' 383228028',157,' modificada 2.0',' RM2RMX22.HEX',' si',1014,' 6743',' DE'),(431,431,' ',' ',' 383060149',582,' ',' ',' si',800,' 6909',' HD'),(432,432,' ',' ',' 383827001',565,' ',' ',' ',800,' 6922',' FN'),(433,433,' T_150.set',' T',' 38380112',463,' Modificada',' RM2RMX22.HEX',' SI',800,' 7960',' BN'),(434,434,' ',' ',' 383808008',563,' modificada 2,0',' RM2RMX22.HEX',' si',800,' 8244',' FZ'),(435,435,' T_150.set',' ',' 383801002-72088',154,' ',' ',' ',1014,' 9338',' FS'),(436,436,' M_250.set',' ',' 383746054-67608',121,' ',' ',' ',1014,' 9359',' UX'),(437,437,' T_50',' ',' 383746029-67609',174,' ',' ',' ',1014,' 13',' UV'),(438,438,' *',' *',' *',496,' modificada 2,0',' RM2RMX22.HEX',' si',800,' L. Zazos',' 2W'),(439,439,' *',' *',' *',493,' modificada 2,0',' RM2RMX22.HEX',' si',800,' C. Solar',' 2U'),(440,440,' ',' ',' 383746022',495,' modificada 2,0',' RM2RMX22.HEX',' SI',800,' Amaicha',' CANAICHA'),(441,441,' ',' ',' 383746023',494,' modificada 2,0',' RM2RMX22.HEX',' si',800,' Encalilla',' ENCALILLA'),(442,442,' T_20',' ',' 383347064',175,' ',' ',' ',800,' 13',' LM - Colalao'),(443,443,' ',' T',' 383746020-67609',343,' ',' ',' ',1014,' ??',' '),(444,444,' ',' T',' 383746028-67609',344,' ',' ',' ',1014,' ??',' '),(445,445,' ',' T',' 383746027-67609',345,' ',' ',' ',1014,' ??',' '),(446,446,' ',' T',' 383746019-67609',346,' ',' ',' ',1014,' ??',' '),(447,447,' ',' T',' 383746024-67609',347,' ',' ',' ',1014,' 13',' '),(448,448,' ',' T',' 383746021-67609',348,' ',' ',' ',1014,' 13',' '),(449,449,' ',' T',' 383746014-67609',349,' ',' ',' ',1014,' 13',' '),(450,450,' T_33000',' T',' 383746047-67609',421,' ',' ',' ',1014,' 33',' TVA1'),(451,451,' T_33000',' T',' 383746034-67609',422,' ',' ',' ',1014,' 33',' TVA2'),(452,452,' ',' ',' ',NULL,' ',' ',' ',NULL,' 33',' '),(453,453,' *',' *',' *',NULL,' ',' RM2FSKB5.HEX',' SI',NULL,' *',' *'),(454,454,' *',' *',' *',NULL,' modificada 2,0',' RM2FSKB5.HEX',' si',NULL,' *',' *'),(455,455,' *',' *',' *',NULL,' R5',' RP-V20.HEX',' SI',NULL,' *',' *'),(456,456,' T_500.SET',' T',' 383801170-72088',350,' ',' ',' ',1014,' 40',' IK'),(457,457,' T_750.SET',' T',' 383801134-72088',424,' ',' ',' ',1014,' 41',' YB'),(458,458,' T_500.SET',' T',' 383746165-67608',425,' modificada 2,0',' ',' si',800,' 42',' EE'),(459,459,' T_500.SET',' T',' 383039023',431,' ',' ',' ',1014,' 43',' YB'),(460,460,' T_150.SET',' T',' 383801042-72088',364,' CC´´',' RM-V20.HEX',' SI',800,' 207',' JP'),(461,461,' T_250.SET',' T',' 383801227-72088',351,' ',' ',' ',800,' 249',' NN'),(462,462,' T_500.SET',' T',' 383021012',368,' ',' RM2RMX22.HEX',' SI',800,' 267',' RV'),(463,463,' T_250.SET',' T',' 383746053-67608',352,' RM A CC',' RM - V10',' SI',800,' 268',' BR'),(464,464,' T_500.SET',' T',' 383746162-67608',353,' ',' RM2RMX22.HEX',' si',800,' 280',' SK'),(465,465,' T_500.SET',' T',' 383746145-67608',354,' ',' ',' si',800,' 317',' XR'),(466,466,' T_500.SET',' T',' 383039030',426,' ',' ',' ',1014,' 383',' YB'),(467,467,' T_500.SET',' T',' 383801044-72088',355,' modificada',' RM2RMX22.HEX',' si',800,' 452',' OC'),(468,468,' T_500.SET',' T',' 383746185-67608',356,' modificada 2,0',' RM2RMX22.HEX',' si',800,' 454',' SX'),(469,469,' T_250.SET',' T',' 383506004',500,' modificada 2.0',' RM2RMX22.HEX',' si',800,' 482',' KZ'),(470,470,' T_500.SET',' T',' 383039022',427,' CC',' ',' ',1014,' 516',' YB'),(471,471,' T_500.SET',' T',' 383746171-67608',358,' RM B 2.0',' RM2RMX22.HEX',' si',800,' 548',' SN'),(472,472,' T_150.SET',' T',' 383746077-67608',359,' modificada',' RM2RMX22.HEX',' si',800,' 554',' MK'),(473,473,' T_250.SET',' T',' 383746091-67608',231,' modificada 2,0',' RM2RMX22.HEX',' SI',800,' 566',' QF'),(474,474,' T_500.SET',' T',' 383746110-67608',362,' RM A M2.0',' RM2RMX22.HEX',' si',800,' 632',' UJ'),(475,475,' T_500.SET',' T',' 383801080-72088',428,' ',' ',' si',800,' 670',' YB'),(476,476,' T_150.SET',' T',' 383746116-67608',363,' CC´',' RM-V20.HEX',' si',800,' 765',' DB'),(477,477,' T_250.SET',' T',' 383746090-67608',364,' ',' ',' ',1014,' 769',' TV'),(478,478,' T_500.set',' T',' 383801222-72088',253,' ',' ',' ',1014,' 792',' OG'),(479,479,' T_250.SET',' T',' 383060052',447,' CC',' RM-V20.HEX',' SI',800,' 799',' RT'),(480,480,' T_500.SET',' T',' 383531020',476,' RM MAX H2 (M)',' RM-V10.HEX',' SI',800,' 897',' EG'),(481,481,' T_250.SET',' T',' 383746075-67608',366,' modificada 2,0',' RM2RMX22.HEX',' si',800,' 910',' FX'),(482,482,' T_500.SET',' T',' 383125001',429,' ',' ',' ',800,' 917',' ED'),(483,483,' Grabado T_500',' T',' 383801014-72088',433,' modificada',' RM2RMX22.HEX',' SI',1014,' 949',' YB'),(484,484,' T_500.SET',' T',' 383746084-67608',367,' ',' ',' ',1014,' 1046',' TY'),(485,485,' T_500.SET',' T',' 383746113-67608',368,' ',' ',' ',1014,' 1055',' JP'),(486,486,' T_150.SET',' T',' 383746076-67608',365,' modificada',' RM2RMX22.HEX',' si',200,' 1107',' QI'),(487,487,' T_250.SET',' T',' 383719050-67608',370,' modificada',' RM2RMX22.HEX',' si',800,' 1124',' EC'),(488,488,' T_150.SET',' T',' 383719034-72088',372,' CC',' RM-V20.HEX',' si',800,' 1173',' JA'),(489,489,' 250',' T',' 383625010',456,' Sin modificar',' RM2RMX22.HEX',' si',800,' 1265',' CA'),(490,490,' T_250.SET',' T',' 383746163-67608',373,' sin modificar',' RM2RMX22.HEX',' si',800,' 1314',' FC'),(491,491,' T_250.SET',' T',' 383746064-67608',374,' ',' ',' ',1014,' 1739',' HQ'),(492,492,' T_250.SET',' T',' 383746111-67608',375,' modificada',' RM2RMX22.HEX',' si',800,' 1821',' XN'),(493,493,' T_250.SET',' T',' 383746181-67608',376,' Sin modificar',' ',' si',800,' 1830',' BU'),(494,494,' T_500.SET',' T',' 383746120-67608',377,' 2.0',' RM2RMX22.HEX',' si',800,' 1891',' UK'),(495,495,' T_150.SET',' T',' 383801200-72088',378,' modificada 2,0',' RM2RMX22.HEX',' si',800,' 1939',' BK'),(496,496,' T_150.SET',' T',' 383746178-67608',379,' modificada2.0',' RM2RMX22.HEX',' si',1014,' 2120',' AB'),(497,497,' T_250.SET',' T',' 383801179-67608',450,' modificada 2,0',' RM2RMX22.HEX',' si',800,' 2160',' RX'),(498,498,' T_500.SET',' T',' 383801187-72088',380,' Sin modificar',' RM2RMX22.HEX',' si',800,' 2193',' XJ'),(499,499,' T_250.SET',' T',' 383746161-67608',381,' RM A 2.0',' RM2RMX22.HEX',' SI',800,' 2224',' YR'),(500,500,' T_500.SET',' T',' 383801203',446,' modificada 2,0',' RM2RMX22.HEX',' si',800,' 2228',' RU'),(501,501,' T_150.SET',' T',' 383801042-72088',382,' ',' ',' ',1014,' 2244',' HG'),(502,502,' T_500.SET',' T',' 383801075-72088',384,' modificada 2,0',' RM2RMX22.HEX',' si',800,' 2246',' GG'),(503,503,' M_250.SET',' M',' 383719040',287,' Modificada',' RM2RMX22.HEX',' SI',800,' 2386',' EZ'),(504,504,' T_250.SET',' T',' 383746089-67608',386,' Modificada',' RM2RMX22.HEX',' si',800,' 2370',' EA'),(505,505,' T_150.SET',' T',' 383801143-72088',387,' M2.0',' RM2RMX22.HEX',' SI',1014,' 2379',' YA'),(506,506,' T_250.SET',' T',' 383746081-67608',388,' ',' ',' ',1014,' 2381',' AN'),(507,507,' T_250.SET',' T',' 383219014',449,' ',' ',' ',1014,' 2495',' RV'),(508,508,' T_250.SET',' T',' 383801151-72088',389,' ',' ',' ',800,' 2516',' GS'),(509,509,' T_250.SET',' T',' 383746073-67608',390,' ',' ',' ',1014,' 2809',' MA'),(510,510,' M_150.SET',' M',' 383808009',391,' RM A 2.0',' RM2RMX22.HEX',' si',800,' 2811',' FA'),(511,511,' T_150.SET',' T',' 383801127-72088',392,' modificada',' RM2RMX22.HEX',' si',800,' 2818',' EP'),(512,512,' T_150.SET',' T',' 383801205-72088',284,' ',' RM2RMX22.HEX',' si',800,' 2821',' QE'),(513,513,' T_150.SET',' T',' 383801111-72088',394,' RM25K-H',' RM2FSKRM.HEX',' SI',1014,' 2829',' AU'),(514,514,' T_250.SET',' T',' 383801196-72088',395,' ',' ',' ',1014,' 2846',' CX'),(515,515,' M_150.SET',' M',' 383746156-67608',396,' Modificada',' RM2FSKRM.HEX',' SI',800,' 3505',' IN'),(516,516,' T_250.SET',' T',' 383801161-72088',397,' modificada 2,0',' RM2RMX22.HEX',' si',800,' 4211',' CG'),(517,517,' T_150.SET',' T',' 383746103-67608',497,' modificada',' RM2FSKP4.HEX',' SI',800,' 4223',' KL'),(518,518,' T_250.SET',' T',' 383801193-72088',398,' modificada',' RM2RMX22.HEX',' si',800,' 4231',' SM'),(519,519,' M_150.SET',' M',' 383801208-72088',256,' modificada 2,0',' RM2RMX22.HEX',' si',800,' 4251',' QN'),(520,520,' T_250.SET',' T',' 383801114-72088',400,' modificada 2,0',' RM2RMX22.HEX',' si',800,' 4572',' FM'),(521,521,' T_250.SET',' T',' 383060059',401,' modificada',' RM2RMX22.HEX',' SI',800,' 4818',' CS'),(522,522,' M_150.SET',' T',' 383746068-67608',361,' CC´',' RM-V20.HEX',' si',800,' 4852',' CT'),(523,523,' M_150.SET',' M',' 383746099-67608',402,' modificada 2.0',' RM2RMX22.HEX',' si',1014,' 4863',' KQ'),(524,524,' T_150.SET',' T',' 383746058-67608',403,' ',' ',' ',1014,' 6060',' CU'),(525,525,' M_250.SET',' M',' 383060119',131,' Modificada 2,0',' RM2RMX22.HEX',' SI',800,' 6066',' ZF'),(526,526,' T_500.SET',' T',' 383048006',430,' Modificada 2,0',' RM2RMX22.HEX',' si',800,' 6236',' YB'),(527,527,' T_150.SET',' T',' 383625019',432,' modificada',' RM2RMX22.HEX',' si',800,' 6685',' RI'),(528,528,' ???',' T',' 383801158-72088',487,' RM MAX H2 (M)',' RM-V10.HEX',' SI',800,' 6688',' QB '),(529,529,' T_150.SET',' T',' 383801164-72088',383,' ',' ',' ',1014,' 6964',' BV'),(530,530,' T_500.SET',' T',' 383219023',451,' ',' ',' ',1014,' 6986',' RZ'),(531,531,' sin dato',' T',' 383060055',47,' RM MAX H2 (M)',' RM-V10.HEX',' si',800,' 7027',' ZH'),(532,532,' T_1000.SET',' T',' 383219013',448,' ',' ',' ',1014,' 7079',' RY'),(533,533,' ',' ',' 383060032',499,' RM MAX H2 (M)',' RM-V10.HEX',' SI',800,' 7113',' AD'),(534,534,' T_500.SET',' T',' 383801181-72088',481,' ',' GPRS V04.07',' SI',1014,' 7147',' ZA'),(535,535,' T_500.SET',' T',' 383125007',434,' modificada',' RM2RMX22.HEX',' si',800,' 7197',' YB'),(536,536,' T_500.SET',' T',' 383746177-67608',485,' Modificada 2,0',' RM2RMX22.HEX',' SI',800,' 7421',' KF'),(537,537,' T_250.SET',' T',' 383801066-72088',371,' Modificada 2,0',' RM2RMX22.HEX',' si',800,' 7674',' MB'),(538,538,' 500',' ',' 383060026',580,' RM cc´ R5',' RM-V20.HEX',' si',800,' 7783',' GK'),(539,539,' T_500.SET',' T',' 383060031',445,' Modificada 2,0',' RM2RMX22.HEX',' si',800,' 7801',' FK'),(540,540,' T_250.SET',' T',' 383125001',484,' ',' RM2RMX22.HEX',' SI',1014,' 7884',' TV'),(541,541,' ',' T',' 383347046',455,' ',' ',' ',800,' 7903',' BW'),(542,542,' T_500.SET',' T',' 383021031',482,' ',' GPRS V04.07',' SI',800,' 7989',' ZB'),(543,543,' ',' ',' ',NULL,' ',' ',' ',NULL,' 9499',' HA'),(544,544,' ',' ',' 383060085',404,' ',' ',' ',1014,' ',' '),(545,545,' ',' ',' ',NULL,' Modificada 2.0',' ',' ',1014,' ',' '),(546,546,' ',' ',' ',NULL,' ',' ',' ',1014,' ',' ');
/*!40000 ALTER TABLE `equipos_telgecs` ENABLE KEYS */;
UNLOCK TABLES;

--
-- Table structure for table `fallas`
--

DROP TABLE IF EXISTS `fallas`;
/*!40101 SET @saved_cs_client     = @@character_set_client */;
/*!50503 SET character_set_client = utf8mb4 */;
CREATE TABLE `fallas` (
  `id_falla` int NOT NULL AUTO_INCREMENT,
  `id_servicio` int DEFAULT NULL,
  `fecha_solucion` date DEFAULT NULL,
  `tipo_falla` varchar(255) DEFAULT NULL,
  `detalle_falla` text,
  `solucionado` tinyint(1) DEFAULT NULL,
  `detalle_solucion` text,
  `observaciones` text,
  PRIMARY KEY (`id_falla`),
  KEY `id_servicio` (`id_servicio`)
) ENGINE=InnoDB AUTO_INCREMENT=2 DEFAULT CHARSET=utf8mb4 COLLATE=utf8mb4_0900_ai_ci;
/*!40101 SET character_set_client = @saved_cs_client */;

--
-- Dumping data for table `fallas`
--

LOCK TABLES `fallas` WRITE;
/*!40000 ALTER TABLE `fallas` DISABLE KEYS */;
/*!40000 ALTER TABLE `fallas` ENABLE KEYS */;
UNLOCK TABLES;

--
-- Table structure for table `localidades`
--

DROP TABLE IF EXISTS `localidades`;
/*!40101 SET @saved_cs_client     = @@character_set_client */;
/*!50503 SET character_set_client = utf8mb4 */;
CREATE TABLE `localidades` (
  `id_localidad` int NOT NULL AUTO_INCREMENT,
  `id_sucursal` int NOT NULL,
  `nombre` varchar(50) NOT NULL,
  PRIMARY KEY (`id_localidad`),
  KEY `id_sucursal` (`id_sucursal`)
) ENGINE=InnoDB AUTO_INCREMENT=182 DEFAULT CHARSET=utf8mb4 COLLATE=utf8mb4_0900_ai_ci;
/*!40101 SET character_set_client = @saved_cs_client */;

--
-- Dumping data for table `localidades`
--

LOCK TABLES `localidades` WRITE;
/*!40000 ALTER TABLE `localidades` DISABLE KEYS */;
INSERT INTO `localidades` VALUES (1,1,' ALDERETES'),(2,1,' BDA. DEL RIO SALI'),(3,1,' LASTENIA'),(4,1,' LOS VALLISTOS'),(5,1,' DELFIN GALLO'),(6,1,' LOS GUTIERREZ'),(7,1,' LOS NARANJOS'),(8,1,' EL TIMBÓ'),(9,2,' LA RAMADA'),(10,2,' 7 DE ABRIL'),(11,1,' EL CHAÑAR'),(12,3,' VICLOS'),(13,3,' AGUA DULCE'),(14,4,' LOS PERES'),(15,1,' COLOMBRES'),(16,4,' RANCHILLOS'),(17,4,' LOS PEREYRAS'),(18,1,' Banda del Río Salí'),(19,4,' LOS RALOS'),(20,1,' EL BRACHO'),(21,3,' Santa Rosa de Leales'),(22,3,' ESQUINA'),(23,3,' STA R. LEALES'),(24,3,' TALA COCHA'),(25,3,' LOS GOMEZ'),(26,3,' LOS PUESTOS'),(27,4,' EL NARANJITO'),(28,4,' AGUA DULCE'),(29,4,' ESTACION ARAOZ'),(30,2,' EL PUESTITO'),(31,2,' PIEDRA BUENA'),(32,3,' Vº DE LEALES'),(33,2,' GARMENDIA'),(34,1,' EL TIMBO'),(35,2,' Vº BENJAMIN ARAOZ'),(36,1,' LA FLORIDA'),(37,1,' LA RAMADA'),(38,4,' LAS CEJAS'),(39,3,' QUILMES'),(40,1,' SAN ANDRES'),(41,1,' EL NARANJITO'),(42,2,' Vº PADRE MONTI'),(43,1,' CRUZ ALTA'),(44,1,' LOS BULACIOS'),(45,1,' Finca Elisa'),(46,1,' EL NARANJO'),(47,2,' Burruyacu'),(48,1,' CEVIL POZO'),(49,1,' El Rodeo'),(50,5,' J. B. ALBERDI'),(51,6,' S. BARBARA'),(52,7,' CONCEPCION'),(53,7,' MEDINAS'),(54,5,' V. BELGRANO'),(55,5,' EL SACRIF.'),(56,7,' ARCADIA'),(57,6,' SANTA ANA'),(58,6,' N. TRINIDAD'),(59,6,' AGUILARES'),(60,5,' ESCABA'),(61,7,' V. QUINTEROS'),(62,7,' GASTONA'),(63,7,' EL MOLINO'),(64,6,' L. SARMIENTOS'),(65,7,' STO. MOYA'),(66,7,' LOS SUELDOS'),(67,7,' ALPACHIRI'),(68,6,' EL POLEAR'),(69,6,' ALTO VERDE'),(70,6,' MONTE BELLO'),(71,7,' S. CRUZ'),(72,7,' AMBERES'),(73,8,' S. JOSE'),(74,9,' LAMADRID'),(75,10,' TACO RALO'),(76,5,' CORRALITO'),(77,5,' GRANEROS'),(78,7,' ALTO VERDE'),(79,9,' MONTEAGUDO'),(80,7,' TRINIDAD'),(81,8,' LA COCHA'),(82,8,' M. GRANDE'),(83,8,' HUASA PAMPA SUR'),(84,8,' RUMI PUNCO'),(85,8,' LOS PIZARROS'),(86,9,' LOS TREJOS'),(87,7,' VILLA QUINTEROS'),(88,11,' S.M de Tuc. '),(89,11,' San Felipe'),(90,11,' S. M de Tucumán'),(91,12,' A. DEL VALLE'),(92,13,' PUEBLO VIEJO'),(93,14,' LULES'),(94,15,' C. HERRERA'),(95,14,' MANANTIAL'),(96,14,' V. NOUGUES'),(97,15,' BELLAVISTA'),(98,16,' EL MOLLAR'),(99,13,' MONTEROS'),(100,17,' M. PEDRAZA'),(101,18,' FAMAILLA'),(102,13,' LEON ROUGUES'),(103,13,' S. MALDONADO'),(104,13,' EL CERCADO'),(105,17,' S. PEDRO MAR.'),(106,13,' ACHERAL'),(107,15,' R. COLORADO'),(108,16,' T. DEL VALLE'),(109,17,' EL POLEAR'),(110,17,' CHICLIGASTA'),(111,19,' Lules'),(112,17,' PAMPA MAYO'),(113,17,' ATAHONA'),(114,14,' S. PABLO'),(115,13,' SANTA LUCIA'),(116,12,' Amaicha'),(117,17,' YERBA BUENA - SIMOCA'),(118,20,' C. DEL VALLE'),(119,14,' LA REDUCCION'),(120,13,' BERDINA'),(121,12,' AMPIMPA'),(122,14,' Lules'),(123,13,' Simoca'),(124,14,' OHUANTA'),(125,12,' Ampimpa'),(126,21,' YERBA BUENA'),(127,22,' EL CADILLAL'),(128,21,' SAN JAVIER'),(129,22,' TAFI VIEJO'),(130,22,' LOS POCITOS'),(131,22,' VIPOS'),(132,23,' CHOROMORO'),(133,21,' C. REDONDO'),(134,22,' Yerba Buena'),(135,22,' NUEVA ESPERANZA'),(136,21,' LA SALA - SAN JAVIER'),(137,22,' LOS NOGALES'),(138,21,' TAFI VIEJO'),(139,24,' HUALINCHAY'),(140,23,' EL SIMBOLAR'),(141,24,' SAN PEDRO DE COLALAO'),(142,22,' TICUCHO'),(143,22,' RACO'),(144,23,' EL BRETE'),(145,23,' LAS ARCAS'),(146,24,' CHULCAS'),(147,23,' BENJAMIN PAZ'),(148,23,' EL TALA'),(149,23,' EL UNQUILLAL'),(150,24,' RODEO GRANDE'),(151,22,' CHOROMORO'),(152,22,' C. REDONDO'),(153,23,' TRANCAS'),(154,11,'S. M de Tuc'),(155,11,'metropolitana'),(156,13,'famailla'),(157,23,'Tapia'),(158,11,'San Miguel de Tuc'),(159,23,'Raco'),(160,1,'Timbo'),(161,11,'Los aguirres'),(162,17,'simoca'),(163,8,'La Invernada'),(164,1,'Banda rio Sali'),(165,14,'Villa Nogues'),(166,11,'Colmenar'),(167,11,'Las Talitas'),(168,14,'Reduccion'),(169,22,'San Javier'),(170,7,'Aguilares'),(171,25,'Ranchillos'),(172,26,'Arbol solo'),(173,27,'Mista'),(174,28,'metropolitana'),(175,29,'mettropolitana'),(176,25,'Colombres'),(177,30,'Los Nogales'),(178,27,'Mancopa'),(179,31,'Amaicha'),(180,32,'El Bracho'),(181,33,'Taco Ralo');
/*!40000 ALTER TABLE `localidades` ENABLE KEYS */;
UNLOCK TABLES;

--
-- Table structure for table `servicios`
--

DROP TABLE IF EXISTS `servicios`;
/*!40101 SET @saved_cs_client     = @@character_set_client */;
/*!50503 SET character_set_client = utf8mb4 */;
CREATE TABLE `servicios` (
  `id_servicio` int NOT NULL AUTO_INCREMENT,
  `id_equipo` int DEFAULT NULL,
  `fecha` date DEFAULT NULL,
  `tipo_servicio` varchar(255) DEFAULT NULL,
  `observaciones` text,
  `servicio` int DEFAULT NULL,
  PRIMARY KEY (`id_servicio`),
  KEY `id_equipo` (`id_equipo`)
) ENGINE=InnoDB AUTO_INCREMENT=7 DEFAULT CHARSET=utf8mb4 COLLATE=utf8mb4_0900_ai_ci;
/*!40101 SET character_set_client = @saved_cs_client */;

--
-- Dumping data for table `servicios`
--

LOCK TABLES `servicios` WRITE;
/*!40000 ALTER TABLE `servicios` DISABLE KEYS */;
/*!40000 ALTER TABLE `servicios` ENABLE KEYS */;
UNLOCK TABLES;

--
-- Table structure for table `servicios_detalles`
--

DROP TABLE IF EXISTS `servicios_detalles`;
/*!40101 SET @saved_cs_client     = @@character_set_client */;
/*!50503 SET character_set_client = utf8mb4 */;
CREATE TABLE `servicios_detalles` (
  `id_servicio_detalle` int NOT NULL AUTO_INCREMENT,
  `detalle` varchar(150) DEFAULT NULL,
  PRIMARY KEY (`id_servicio_detalle`)
) ENGINE=InnoDB AUTO_INCREMENT=2 DEFAULT CHARSET=utf8mb4 COLLATE=utf8mb4_0900_ai_ci;
/*!40101 SET character_set_client = @saved_cs_client */;

--
-- Dumping data for table `servicios_detalles`
--

LOCK TABLES `servicios_detalles` WRITE;
/*!40000 ALTER TABLE `servicios_detalles` DISABLE KEYS */;
INSERT INTO `servicios_detalles` VALUES (1,'Cambio de Radio Modem');
/*!40000 ALTER TABLE `servicios_detalles` ENABLE KEYS */;
UNLOCK TABLES;

--
-- Table structure for table `sucursales`
--

DROP TABLE IF EXISTS `sucursales`;
/*!40101 SET @saved_cs_client     = @@character_set_client */;
/*!50503 SET character_set_client = utf8mb4 */;
CREATE TABLE `sucursales` (
  `id_sucursal` int NOT NULL AUTO_INCREMENT,
  `id_administracion` int NOT NULL,
  `nombre` varchar(50) NOT NULL,
  PRIMARY KEY (`id_sucursal`),
  KEY `id_administracion` (`id_administracion`)
) ENGINE=InnoDB AUTO_INCREMENT=34 DEFAULT CHARSET=utf8mb4 COLLATE=utf8mb4_0900_ai_ci;
/*!40101 SET character_set_client = @saved_cs_client */;

--
-- Dumping data for table `sucursales`
--

LOCK TABLES `sucursales` WRITE;
/*!40000 ALTER TABLE `sucursales` DISABLE KEYS */;
INSERT INTO `sucursales` VALUES (1,1,' Banda del Río Salí'),(2,1,' Burruyacú'),(3,1,' Santa Rosa de Leales'),(4,1,' Los Ralos'),(5,2,' J. B. ALBERDI'),(6,2,' AGUILARES'),(7,2,' CONCEPCION'),(8,2,' LA COCHA'),(9,2,' LAMADRID'),(10,2,' TACO RALO'),(11,3,' Metropolitana'),(12,4,' AMAICHA DEL VALLE'),(13,4,' MONTEROS'),(14,4,' LULES'),(15,4,' BELLAVISTA'),(16,4,' TAFI DEL VALLE'),(17,4,' SIMOCA'),(18,4,' FAMAILLA'),(19,4,' Lules'),(20,4,' COLALAO DEL VALLE'),(21,5,' Yerba Buena'),(22,5,' Tafí Viejo'),(23,5,' Trancas'),(24,5,' S. P. de Colalao'),(25,1,'Ranchillos'),(26,1,'Ranchillo'),(27,1,'Santa Rosa'),(28,3,'metropolotana'),(29,3,'mettropolitana'),(30,5,'Los Nogales'),(31,4,'Amaicha'),(32,1,'LEALES'),(33,2,'Alberdi');
/*!40000 ALTER TABLE `sucursales` ENABLE KEYS */;
UNLOCK TABLES;

--
-- Table structure for table `tipos_equipos`
--

DROP TABLE IF EXISTS `tipos_equipos`;
/*!40101 SET @saved_cs_client     = @@character_set_client */;
/*!50503 SET character_set_client = utf8mb4 */;
CREATE TABLE `tipos_equipos` (
  `id_tipo_equipo` int NOT NULL AUTO_INCREMENT,
  `nombre` varchar(50) NOT NULL,
  PRIMARY KEY (`id_tipo_equipo`)
) ENGINE=InnoDB AUTO_INCREMENT=4 DEFAULT CHARSET=utf8mb4 COLLATE=utf8mb4_0900_ai_ci;
/*!40101 SET character_set_client = @saved_cs_client */;

--
-- Dumping data for table `tipos_equipos`
--

LOCK TABLES `tipos_equipos` WRITE;
/*!40000 ALTER TABLE `tipos_equipos` DISABLE KEYS */;
INSERT INTO `tipos_equipos` VALUES (1,'telgecs'),(2,'seccionador'),(3,'reconectador');
/*!40000 ALTER TABLE `tipos_equipos` ENABLE KEYS */;
UNLOCK TABLES;

--
-- Table structure for table `ultima_visita`
--

DROP TABLE IF EXISTS `ultima_visita`;
/*!40101 SET @saved_cs_client     = @@character_set_client */;
/*!50503 SET character_set_client = utf8mb4 */;
CREATE TABLE `ultima_visita` (
  `id_ultima_visita` int NOT NULL AUTO_INCREMENT,
  `id_equipo` int NOT NULL,
  `fecha` date DEFAULT NULL,
  PRIMARY KEY (`id_ultima_visita`)
) ENGINE=InnoDB AUTO_INCREMENT=10 DEFAULT CHARSET=utf8mb4 COLLATE=utf8mb4_0900_ai_ci;
/*!40101 SET character_set_client = @saved_cs_client */;

--
-- Dumping data for table `ultima_visita`
--

LOCK TABLES `ultima_visita` WRITE;
/*!40000 ALTER TABLE `ultima_visita` DISABLE KEYS */;
INSERT INTO `ultima_visita` VALUES (1,12,'2023-03-15'),(2,12,'2023-03-14'),(3,12,'2023-03-13'),(4,12,'2023-03-12'),(5,12,'2023-03-11'),(6,12,'2023-03-16'),(7,12,'2023-03-17'),(8,12,'2023-03-18'),(9,12,'2023-03-10');
/*!40000 ALTER TABLE `ultima_visita` ENABLE KEYS */;
UNLOCK TABLES;
/*!40103 SET TIME_ZONE=@OLD_TIME_ZONE */;

/*!40101 SET SQL_MODE=@OLD_SQL_MODE */;
/*!40014 SET FOREIGN_KEY_CHECKS=@OLD_FOREIGN_KEY_CHECKS */;
/*!40014 SET UNIQUE_CHECKS=@OLD_UNIQUE_CHECKS */;
/*!40101 SET CHARACTER_SET_CLIENT=@OLD_CHARACTER_SET_CLIENT */;
/*!40101 SET CHARACTER_SET_RESULTS=@OLD_CHARACTER_SET_RESULTS */;
/*!40101 SET COLLATION_CONNECTION=@OLD_COLLATION_CONNECTION */;
/*!40111 SET SQL_NOTES=@OLD_SQL_NOTES */;

-- Dump completed on 2023-03-30 22:34:59
